UID,UNAME,TYPE,PID,PNAME,nVisees   ,tauxDeReponse   ,enEmploi   ,rechercheEmploi   ,auxEtudes   ,pInactives   ,tauxDeChomage   ,emploiTempsPlein   ,dureeDeRecherche    ,salaireHebdoBrut   ,emploiEnRapport   ,enRapport   
975000,Laval,0,5104,Sciences infirmières et nursing, 206  , 70.9   , 89.7   , 1.4   , 6.8   , 2.1   , 1.5   , 88.5   , 1    , 980   , 98.3   , 80.0   
975000,Laval,0,5106,Médecine, 181  , 71.8   , 1.5   , 0.0   , 96.2   , 2.3   , 0.0   , 100.0   ,x    ,x   , 100.0   , 86.4   
975000,Laval,0,5110,Médecine dentaire, 43  , 72.1   , 90.3   , 0.0   , 9.7   , 0.0   , 0.0   , 85.7   , 1    ,2 625   , 100.0   , 100.0   
975000,Laval,0,5112,Pharmacie et sciences pharmaceutiques, 134  , 70.1   , 93.6   , 0.0   , 4.3   , 2.1   , 0.0   , 95.5   , 1    ,1 726   , 100.0   , 100.0   
975000,Laval,0,5115,Diététique et nutrition, 41  , 78.0   , 84.4   , 0.0   , 15.6   , 0.0   , 0.0   , 81.5   , 3    , 805   , 95.5   , 80.0   
975000,Laval,0,5120,Ergothérapie, 54  , 70.4   , 92.1   , 0.0   , 7.9   , 0.0   , 0.0   , 100.0   , 1    , 815   , 100.0   , 100.0   
975000,Laval,0,5121,Physiothérapie, 56  , 62.5   , 91.4   , 0.0   , 8.6   , 0.0   , 0.0   , 96.9   , 1    , 814   , 100.0   , 100.0   
975000,Laval,0,5200,Sciences biologiques, 53  , 73.6   , 23.1   , 5.1   , 69.2   , 2.6   , 18.2   , 100.0   , 6    , 621   , 55.6   , 81.5   
975000,Laval,0,5211,Microbiologie, 45  , 80.0   , 27.8   , 0.0   , 69.4   , 2.8   , 0.0   , 100.0   , 6    , 623   , 70.0   , 88.0   
975000,Laval,0,5214,Biochimie, 21  , 66.7   , 35.7   , 0.0   , 64.3   , 0.0   , 0.0   , 80.0   , 6    , 845   , 50.0   , 77.8   
975000,Laval,0,5230,Mathématiques, 13  , 84.6   , 54.5   , 0.0   , 45.5   , 0.0   , 0.0   , 100.0   , 7    , 812   , 100.0   , 100.0   
975000,Laval,0,5232,Probabilités et statistiques, 5  , 100.0   , 80.0   , 0.0   , 20.0   , 0.0   , 0.0   , 75.0   , 1    , 871   , 66.7   , 100.0   
975000,Laval,0,5234,Actuariat, 67  , 77.6   , 86.5   , 1.9   , 11.5   , 0.0   , 2.2   , 97.8   , 9    ,1 135   , 93.2   , 50.0   
975000,Laval,0,5240,Sciences physiques, 24  , 70.8   , 11.8   , 0.0   , 88.2   , 0.0   , 0.0   , 0.0   ,-    ,-   ,-   , 100.0   
975000,Laval,0,5302,Agriculture, 73  , 80.8   , 66.1   , 6.8   , 25.4   , 1.7   , 9.3   , 97.4   , 4    , 757   , 89.5   , 93.3   
975000,Laval,0,5313,Sciences et technologie des aliments, 36  , 75.0   , 74.1   , 3.7   , 22.2   , 0.0   , 4.8   , 95.0   , 7    , 860   , 100.0   , 100.0   
975000,Laval,0,5332,Architecture, 83  , 86.7   , 23.6   , 2.8   , 73.6   , 0.0   , 10.5   , 76.5   , 3    , 783   , 100.0   , 98.1   
975000,Laval,0,5340,Sciences de l'informatique, 84  , 78.6   , 90.9   , 0.0   , 9.1   , 0.0   , 0.0   , 96.7   , 4    , 878   , 93.1   , 83.3   
975000,Laval,0,5353,Génie agricole et génie rural, 6  , 66.7   , 50.0   , 0.0   , 25.0   , 25.0   , 0.0   , 100.0   ,x    ,x   , 100.0   , 100.0   
975000,Laval,0,5356,Génie chimique, 15  , 73.3   , 54.5   , 0.0   , 45.5   , 0.0   , 0.0   , 100.0   , 3    ,1 121   , 83.3   , 80.0   
975000,Laval,0,5358,"Génie civil, de la construction et du transport", 95  , 70.5   , 89.6   , 0.0   , 10.4   , 0.0   , 0.0   , 98.3   , 4    , 962   , 94.9   , 85.7   
975000,Laval,0,5359,"Génie électrique, électronique et des communications", 33  , 60.6   , 75.0   , 5.0   , 20.0   , 0.0   , 6.3   , 100.0   , 22    ,1 086   , 100.0   , 100.0   
975000,Laval,0,5360,Génie mécanique, 100  , 72.0   , 80.6   , 4.2   , 13.9   , 1.4   , 4.9   , 94.8   , 12    , 943   , 87.3   , 80.0   
975000,Laval,0,5361,Génie géologique, 16  , 75.0   , 50.0   , 0.0   , 50.0   , 0.0   , 0.0   , 100.0   , 3    ,1 033   , 100.0   , 100.0   
975000,Laval,0,5369,Génie physique, 22  , 77.3   , 23.5   , 0.0   , 70.6   , 5.9   , 0.0   , 100.0   , 15    , 913   , 75.0   , 100.0   
975000,Laval,0,5371,Géodésie (arpentage), 21  , 76.2   , 75.0   , 0.0   , 18.8   , 6.3   , 0.0   , 100.0   , 5    , 877   , 100.0   , 100.0   
975000,Laval,0,5373,Génie informatique et de la construction des ordinateurs, 18  , 72.2   , 61.5   , 0.0   , 38.5   , 0.0   , 0.0   , 100.0   , 3    , 860   , 87.5   , 100.0   
975000,Laval,0,5375,"Génie forestier, foresterie et sciences du bois (sylviculture)", 44  , 77.3   , 61.8   , 2.9   , 32.4   , 2.9   , 4.5   , 95.2   , 10    , 898   , 90.0   , 72.7   
975000,Laval,0,5380,Sciences de l'activité physique, 74  , 71.6   , 62.3   , 0.0   , 37.7   , 0.0   , 0.0   , 75.8   , 7    , 756   , 84.0   , 85.0   
975000,Laval,0,5410,Communications et journalisme, 199  , 66.8   , 77.4   , 7.5   , 9.0   , 6.0   , 8.8   , 96.1   , 9    , 753   , 79.8   , 41.7   
975000,Laval,0,5420,Psychologie, 152  , 82.2   , 17.6   , 1.6   , 79.2   , 1.6   , 8.3   , 81.8   , 10    , 696   , 55.6   , 86.9   
975000,Laval,0,5432,Anthropologie, 20  , 75.0   , 13.3   , 0.0   , 80.0   , 6.7   , 0.0   , 100.0   ,x    ,x   , 50.0   , 83.3   
975000,Laval,0,5434,Économique, 33  , 78.8   , 42.3   , 0.0   , 53.8   , 3.8   , 0.0   , 100.0   , 6    , 868   , 72.7   , 85.7   
975000,Laval,0,5435,Histoire, 47  , 83.0   , 17.9   , 2.6   , 79.5   , 0.0   , 12.5   , 85.7   , 23    , 632   , 33.3   , 93.5   
975000,Laval,0,5436,Géographie, 57  , 80.7   , 15.2   , 2.2   , 76.1   , 6.5   , 12.5   , 100.0   , 3    , 828   , 42.9   , 91.4   
975000,Laval,0,5437,Sciences politiques, 86  , 75.6   , 36.9   , 3.1   , 58.5   , 1.5   , 7.7   , 91.7   , 9    , 795   , 72.7   , 89.5   
975000,Laval,0,5438,Sociologie, 20  , 85.0   , 23.5   , 5.9   , 70.6   , 0.0   , 20.0   , 75.0   , 18    , 495   , 33.3   , 100.0   
975000,Laval,0,5472,Économie rurale et agricole, 20  , 70.0   , 85.7   , 0.0   , 14.3   , 0.0   , 0.0   , 91.7   , 6    , 885   , 90.9   , 50.0   
975000,Laval,0,5474,Sciences de la consommation, 36  , 52.8   , 89.5   , 0.0   , 10.5   , 0.0   , 0.0   , 94.1   , 8    , 803   , 68.8   , 50.0   
975000,Laval,0,5477,Service social, 110  , 70.9   , 84.6   , 0.0   , 12.8   , 2.6   , 0.0   , 93.9   , 8    , 759   , 95.2   , 100.0   
975000,Laval,0,5479,"Orientation, information scolaire et professionnelle", 78  , 73.1   , 38.6   , 0.0   , 57.9   , 3.5   , 0.0   , 86.4   , 10    , 678   , 73.7   , 93.9   
975000,Laval,0,5495,Philosophie, 20  , 80.0   , 6.3   , 0.0   , 81.3   , 12.5   , 0.0   , 0.0   ,-    ,-   ,-   , 84.6   
975000,Laval,0,5498,Sciences religieuses, 14  , 78.6   , 45.5   , 9.1   , 27.3   , 18.2   , 16.7   , 100.0   , 3    , 693   , 60.0   , 66.7   
975000,Laval,0,5499,Études pluridisciplinaires en sciences humaines, 32  , 71.9   , 43.5   , 0.0   , 47.8   , 8.7   , 0.0   , 100.0   , 12    , 763   , 60.0   , 100.0   
975000,Laval,0,5571,Traduction, 48  , 75.0   , 97.2   , 0.0   , 2.8   , 0.0   , 0.0   , 97.1   , 6    , 900   , 85.3   , 0.0   
975000,Laval,0,5584,Humanités gréco-latines et archéologie classique, 18  , 88.9   , 43.8   , 0.0   , 56.3   , 0.0   , 0.0   , 71.4   , 3    , 580   , 40.0   , 88.9   
975000,Laval,0,5585,"Linguistique (phonétique, sémantique, philologie)", 9  , 88.9   , 37.5   , 0.0   , 62.5   , 0.0   , 0.0   , 66.7   ,x    ,x   , 50.0   , 100.0   
975000,Laval,0,5590,"Français, en général, et français, langue maternelle", 55  , 69.1   , 47.4   , 0.0   , 52.6   , 0.0   , 0.0   , 61.1   , 10    , 588   , 54.5   , 80.0   
975000,Laval,0,5600,Droit, 262  , 71.4   , 63.1   , 2.7   , 32.1   , 2.1   , 4.1   , 94.9   , 7    , 790   , 85.7   , 75.0   
975000,Laval,0,5704,Formation des enseignants au préscolaire et au primaire, 200  , 81.0   , 88.9   , 3.7   , 4.9   , 2.5   , 4.0   , 48.6   , 5    , 742   , 94.3   , 75.0   
975000,Laval,0,5705,Formation des enseignants spécialistes au primaire et au secondaire, 155  , 75.5   , 85.5   , 2.6   , 8.5   , 3.4   , 2.9   , 53.0   , 6    , 810   , 92.5   , 80.0   
975000,Laval,0,5708,Formation des enseignants au secondaire, 133  , 80.5   , 81.3   , 5.6   , 8.4   , 4.7   , 6.5   , 73.6   , 4    , 752   , 81.3   , 66.7   
975000,Laval,0,5709,Formation des enseignants de l'enseignement professionnel au secondaire et au collégial, 5  , 100.0   , 100.0   , 0.0   , 0.0   , 0.0   , 0.0   , 100.0   ,n.d.    ,1 168   , 100.0   ,-   
975000,Laval,0,5800,Administration des affaires, 457  , 69.1   , 81.3   , 2.8   , 13.6   , 2.2   , 3.4   , 96.1   , 7    , 836   , 87.0   , 93.0   
975000,Laval,0,5816,Relations industrielles, 159  , 66.0   , 83.8   , 1.9   , 13.3   , 1.0   , 2.2   , 97.7   , 11    , 810   , 77.9   , 85.7   
975000,Laval,0,5902,"Arts plastiques (peinture, dessin, sculpture)", 29  , 69.0   , 65.0   , 0.0   , 25.0   , 10.0   , 0.0   , 53.8   , 4    , 414   , 28.6   , 80.0   
975000,Laval,0,5903,Histoire de l'art, 31  , 80.6   , 32.0   , 4.0   , 64.0   , 0.0   , 11.1   , 37.5   , 8    , 735   , 33.3   , 81.3   
975000,Laval,0,5905,Musique, 24  , 66.7   , 43.8   , 0.0   , 56.3   , 0.0   , 0.0   , 42.9   ,n.d.    ,n.d.   , 66.7   , 88.9   
975000,Laval,0,5907,Art dramatique, 15  , 73.3   , 54.5   , 0.0   , 45.5   , 0.0   , 0.0   , 50.0   ,n.d.    , 625   , 33.3   , 100.0   
975000,Laval,0,5971,Arts graphiques (communications graphiques), 96  , 66.7   , 75.0   , 9.4   , 15.6   , 0.0   , 11.1   , 85.4   , 11    , 601   , 73.2   , 70.0   
975000,Laval,0,8000,Études plurisectorielles, 258  , 64.7   , 60.5   , 3.6   , 32.3   , 3.6   , 5.6   , 86.1   , 11    , 836   , 55.2   , 81.5   
975000,Laval,1,5102,Sciences fondamentales et sciences appliquées de la santé, 34  , 61.8   , 52.4   , 9.5   , 33.3   , 4.8   , 15.4   , 100.0   , 8    , 826   , 81.8   , 57.1   
975000,Laval,1,5104,Sciences infirmières et nursing, 14  , 92.9   , 92.3   , 0.0   , 0.0   , 7.7   , 0.0   , 100.0   , 9    ,1 392   , 91.7   ,-   
975000,Laval,1,5108,Médecine et chirurgie expérimentales, 14  , 64.3   , 55.6   , 0.0   , 44.4   , 0.0   , 0.0   , 80.0   ,n.d.    ,1 353   , 75.0   , 75.0   
975000,Laval,1,5112,Pharmacie et sciences pharmaceutiques, 32  , 68.8   , 77.3   , 0.0   , 13.6   , 9.1   , 0.0   , 88.2   , 7    ,1 243   , 93.3   , 100.0   
975000,Laval,1,5123,Orthophonie et audiologie, 31  , 87.1   , 85.2   , 0.0   , 7.4   , 7.4   , 0.0   , 91.3   , 2    , 900   , 95.2   , 100.0   
975000,Laval,1,5140,Santé communautaire et épidémiologie, 18  , 77.8   , 71.4   , 0.0   , 28.6   , 0.0   , 0.0   , 80.0   , 4    ,1 235   , 87.5   , 100.0   
975000,Laval,1,5200,Sciences biologiques, 24  , 79.2   , 84.2   , 5.3   , 10.5   , 0.0   , 5.9   , 93.8   , 14    , 822   , 86.7   , 50.0   
975000,Laval,1,5211,Microbiologie, 6  , 66.7   , 100.0   , 0.0   , 0.0   , 0.0   , 0.0   , 100.0   , 40    , 846   , 100.0   ,-   
975000,Laval,1,5230,Mathématiques, 7  , 71.4   , 60.0   , 20.0   , 20.0   , 0.0   , 25.0   , 100.0   , 5    ,1 106   , 100.0   , 100.0   
975000,Laval,1,5232,Probabilités et statistiques, 7  , 100.0   , 85.7   , 0.0   , 14.3   , 0.0   , 0.0   , 100.0   , 11    , 971   , 100.0   , 0.0   
975000,Laval,1,5240,Sciences physiques, 9  , 77.8   , 28.6   , 0.0   , 71.4   , 0.0   , 0.0   , 100.0   ,x    ,x   , 50.0   , 100.0   
975000,Laval,1,5303,"Pédologie, aménagement et conservation des sols", 5  , 100.0   , 60.0   , 20.0   , 20.0   , 0.0   , 25.0   , 100.0   , 1    , 885   , 100.0   , 100.0   
975000,Laval,1,5304,Zootechnie, 5  , 100.0   , 80.0   , 0.0   , 20.0   , 0.0   , 0.0   , 100.0   , 52    , 995   , 75.0   , 0.0   
975000,Laval,1,5332,Architecture, 56  , 75.0   , 90.5   , 2.4   , 7.1   , 0.0   , 2.6   , 97.4   , 5    , 758   , 100.0   , 100.0   
975000,Laval,1,5338,Urbanisme, 43  , 74.4   , 87.5   , 6.3   , 6.3   , 0.0   , 6.7   , 92.9   , 12    , 855   , 84.6   , 50.0   
975000,Laval,1,5356,Génie chimique, 7  , 85.7   , 50.0   , 0.0   , 50.0   , 0.0   , 0.0   , 100.0   , 1    ,1 082   , 100.0   , 100.0   
975000,Laval,1,5359,"Génie électrique, électronique et des communications", 11  , 72.7   , 62.5   , 25.0   , 12.5   , 0.0   , 28.6   , 80.0   , 7    ,1 000   , 100.0   , 100.0   
975000,Laval,1,5360,Génie mécanique, 8  , 87.5   , 100.0   , 0.0   , 0.0   , 0.0   , 0.0   , 100.0   , 12    ,1 010   , 57.1   ,-   
975000,Laval,1,5364,Génie métallurgique et des matériaux, 6  , 66.7   , 50.0   , 0.0   , 50.0   , 0.0   , 0.0   , 100.0   ,x    ,x   , 50.0   , 100.0   
975000,Laval,1,5371,Géodésie (arpentage), 5  , 100.0   , 80.0   , 0.0   , 20.0   , 0.0   , 0.0   , 100.0   , 21    , 913   , 75.0   , 100.0   
975000,Laval,1,5410,Communications et journalisme, 23  , 65.2   , 86.7   , 0.0   , 13.3   , 0.0   , 0.0   , 76.9   , 10    , 998   , 80.0   , 100.0   
975000,Laval,1,5434,Économique, 15  , 66.7   , 80.0   , 10.0   , 10.0   , 0.0   , 11.1   , 100.0   , 4    ,1 098   , 100.0   , 100.0   
975000,Laval,1,5435,Histoire, 10  , 70.0   , 71.4   , 0.0   , 28.6   , 0.0   , 0.0   , 80.0   , 24    , 833   , 50.0   , 50.0   
975000,Laval,1,5436,Géographie, 7  , 71.4   , 60.0   , 0.0   , 20.0   , 20.0   , 0.0   , 100.0   , 8    , 769   , 100.0   , 100.0   
975000,Laval,1,5437,Sciences politiques, 49  , 71.4   , 71.4   , 5.7   , 22.9   , 0.0   , 7.4   , 100.0   , 10    , 945   , 76.0   , 100.0   
975000,Laval,1,5477,Service social, 29  , 72.4   , 85.7   , 4.8   , 9.5   , 0.0   , 5.3   , 88.9   , 8    , 908   , 100.0   , 100.0   
975000,Laval,1,5479,"Orientation, information scolaire et professionnelle", 41  , 65.9   , 100.0   , 0.0   , 0.0   , 0.0   , 0.0   , 100.0   , 9    , 796   , 88.9   ,-   
975000,Laval,1,5495,Philosophie, 9  , 66.7   , 50.0   , 16.7   , 33.3   , 0.0   , 25.0   , 66.7   ,x    ,x   , 50.0   , 100.0   
975000,Laval,1,5498,Sciences religieuses, 7  , 85.7   , 83.3   , 0.0   , 0.0   , 16.7   , 0.0   , 80.0   , 1    , 554   , 100.0   ,-   
975000,Laval,1,5571,Traduction, 10  , 80.0   , 87.5   , 0.0   , 0.0   , 12.5   , 0.0   , 100.0   , 13    , 988   , 100.0   ,-   
975000,Laval,1,5585,"Linguistique (phonétique, sémantique, philologie)", 8  , 75.0   , 66.7   , 0.0   , 33.3   , 0.0   , 0.0   , 25.0   ,x    ,x   , 100.0   , 100.0   
975000,Laval,1,5590,"Français, en général, et français, langue maternelle", 22  , 86.4   , 73.7   , 0.0   , 21.1   , 5.3   , 0.0   , 71.4   , 17    , 798   , 90.0   , 100.0   
975000,Laval,1,5700,Études pluridisciplinaires en sciences de l'éducation, 7  , 100.0   , 100.0   , 0.0   , 0.0   , 0.0   , 0.0   , 71.4   , 12    , 879   , 80.0   ,-   
975000,Laval,1,5705,Formation des enseignants spécialistes au primaire et au secondaire, 6  , 66.7   , 75.0   , 0.0   , 25.0   , 0.0   , 0.0   , 0.0   ,-    ,-   ,-   , 100.0   
975000,Laval,1,5800,Administration des affaires, 184  , 65.2   , 90.8   , 3.3   , 4.2   , 1.7   , 3.5   , 97.2   , 12    ,1 119   , 77.4   , 60.0   
975000,Laval,1,5806,Gestion et administration des entreprises, 186  , 83.9   , 98.7   , 0.6   , 0.0   , 0.6   , 0.6   , 98.7   , 3    ,1 650   , 92.8   ,-   
975000,Laval,1,5816,Relations industrielles, 14  , 64.3   , 100.0   , 0.0   , 0.0   , 0.0   , 0.0   , 100.0   , 22    , 782   , 77.8   ,-   
975000,Laval,1,5850,Administration scolaire, 11  , 81.8   , 88.9   , 0.0   , 11.1   , 0.0   , 0.0   , 100.0   , 27    ,1 528   , 87.5   , 100.0   
975000,Laval,1,5902,"Arts plastiques (peinture, dessin, sculpture)", 11  , 63.6   , 85.7   , 14.3   , 0.0   , 0.0   , 14.3   , 66.7   , 26    , 721   , 100.0   ,-   
975000,Laval,1,5905,Musique, 15  , 60.0   , 77.8   , 0.0   , 11.1   , 11.1   , 0.0   , 71.4   , 16    , 928   , 80.0   , 0.0   
976000,UdM,0,5102,Sciences fondamentales et sciences appliquées de la santé, 69  , 71.0   , 14.3   , 0.0   , 85.7   , 0.0   , 0.0   , 85.7   , 5    , 988   , 50.0   , 90.5   
976000,UdM,0,5104,Sciences infirmières et nursing, 178  , 61.8   , 90.9   , 0.9   , 7.3   , 0.9   , 1.0   , 83.0   , 1    , 972   , 97.6   , 75.0   
976000,UdM,0,5106,Médecine, 238  , 65.5   , 2.6   , 0.0   , 94.2   , 3.2   , 0.0   , 100.0   , 6    , 885   , 100.0   , 85.7   
976000,UdM,0,5110,Médecine dentaire, 76  , 64.5   , 85.7   , 0.0   , 8.2   , 6.1   , 0.0   , 88.1   , 3    ,2 061   , 100.0   , 100.0   
976000,UdM,0,5111,Optométrie, 42  , 64.3   , 96.3   , 0.0   , 3.7   , 0.0   , 0.0   , 84.6   ,n.d.    ,x   , 100.0   , 100.0   
976000,UdM,0,5112,Pharmacie et sciences pharmaceutiques, 176  , 63.6   , 95.5   , 0.0   , 2.7   , 1.8   , 0.0   , 94.4   , 1    ,1 753   , 100.0   , 66.7   
976000,UdM,0,5115,Diététique et nutrition, 48  , 79.2   , 81.6   , 0.0   , 13.2   , 5.3   , 0.0   , 80.6   , 3    , 851   , 92.0   , 100.0   
976000,UdM,0,5120,Ergothérapie, 93  , 74.2   , 84.1   , 0.0   , 10.1   , 5.8   , 0.0   , 93.1   , 1    , 808   , 100.0   , 100.0   
976000,UdM,0,5121,Physiothérapie, 11  , 81.8   , 66.7   , 0.0   , 11.1   , 22.2   , 0.0   , 100.0   , 2    , 841   , 100.0   , 100.0   
976000,UdM,0,5123,Orthophonie et audiologie, 62  , 80.6   , 92.0   , 0.0   , 6.0   , 2.0   , 0.0   , 84.8   , 2    , 873   , 100.0   , 66.7   
976000,UdM,0,5140,Santé communautaire et épidémiologie, 58  , 72.4   , 97.6   , 0.0   , 2.4   , 0.0   , 0.0   , 87.8   , 9    ,1 038   , 86.1   , 100.0   
976000,UdM,0,5180,Médecine vétérinaire, 81  , 71.6   , 84.5   , 1.7   , 12.1   , 1.7   , 2.0   , 89.8   , 1    ,1 320   , 100.0   , 57.1   
976000,UdM,0,5200,Sciences biologiques, 134  , 64.9   , 25.3   , 4.6   , 69.0   , 1.1   , 15.4   , 63.6   , 6    , 738   , 57.1   , 85.0   
976000,UdM,0,5214,Biochimie, 44  , 75.0   , 12.1   , 9.1   , 72.7   , 6.1   , 42.9   , 100.0   , 12    , 697   , 50.0   , 87.5   
976000,UdM,0,5230,Mathématiques, 63  , 63.5   , 77.5   , 0.0   , 22.5   , 0.0   , 0.0   , 93.5   , 5    , 924   , 69.0   , 88.9   
976000,UdM,0,5240,Sciences physiques, 14  , 64.3   , 11.1   , 0.0   , 88.9   , 0.0   , 0.0   , 100.0   ,x    ,x   , 100.0   , 100.0   
976000,UdM,0,5245,Chimie, 44  , 75.0   , 60.6   , 3.0   , 33.3   , 3.0   , 4.8   , 90.0   , 11    , 779   , 66.7   , 72.7   
976000,UdM,0,5299,Études pluridisciplinaires en sciences pures, 14  , 78.6   , 0.0   , 0.0   , 100.0   , 0.0   ,-   ,-   ,-    ,-   ,-   , 90.9   
976000,UdM,0,5330,Design de l'environnement, 86  , 66.3   , 80.7   , 5.3   , 8.8   , 5.3   , 6.1   , 93.5   , 15    , 659   , 76.7   , 80.0   
976000,UdM,0,5332,Architecture, 69  , 72.5   , 18.0   , 4.0   , 76.0   , 2.0   , 18.2   , 77.8   , 2    , 794   , 71.4   , 97.4   
976000,UdM,0,5334,Architecture paysagiste, 21  , 85.7   , 66.7   , 11.1   , 11.1   , 11.1   , 14.3   , 91.7   , 19    , 659   , 81.8   , 100.0   
976000,UdM,0,5338,Urbanisme, 48  , 72.9   , 62.9   , 2.9   , 34.3   , 0.0   , 4.3   , 90.9   , 19    , 785   , 85.0   , 83.3   
976000,UdM,0,5340,Sciences de l'informatique, 31  , 61.3   , 68.4   , 5.3   , 26.3   , 0.0   , 7.1   , 100.0   , 13    , 842   , 92.3   , 80.0   
976000,UdM,0,5380,Sciences de l'activité physique, 69  , 79.7   , 54.5   , 0.0   , 41.8   , 3.6   , 0.0   , 70.0   , 6    , 722   , 95.2   , 82.6   
976000,UdM,0,5400,Études géopolitiques, 32  , 65.6   , 38.1   , 9.5   , 52.4   , 0.0   , 20.0   , 100.0   , 20    , 671   , 37.5   , 72.7   
976000,UdM,0,5410,Communications et journalisme, 152  , 57.2   , 71.3   , 3.4   , 21.8   , 3.4   , 4.6   , 91.9   , 14    , 766   , 75.4   , 84.2   
976000,UdM,0,5420,Psychologie, 187  , 77.5   , 42.8   , 1.4   , 55.9   , 0.0   , 3.1   , 71.0   , 11    , 736   , 59.1   , 88.9   
976000,UdM,0,5432,Anthropologie, 69  , 72.5   , 28.0   , 6.0   , 64.0   , 2.0   , 17.6   , 85.7   , 2    , 644   , 25.0   , 71.9   
976000,UdM,0,5434,Économique, 54  , 66.7   , 50.0   , 11.1   , 33.3   , 5.6   , 18.2   , 83.3   , 15    , 791   , 33.3   , 75.0   
976000,UdM,0,5435,Histoire, 47  , 76.6   , 30.6   , 5.6   , 61.1   , 2.8   , 15.4   , 72.7   , 4    , 678   , 25.0   , 81.8   
976000,UdM,0,5436,Géographie, 36  , 69.4   , 48.0   , 4.0   , 44.0   , 4.0   , 7.7   , 83.3   , 16    , 703   , 30.0   , 81.8   
976000,UdM,0,5437,Sciences politiques, 164  , 67.1   , 40.9   , 4.5   , 53.6   , 0.9   , 10.0   , 84.4   , 12    , 714   , 34.2   , 84.7   
976000,UdM,0,5438,Sociologie, 28  , 75.0   , 57.1   , 0.0   , 33.3   , 9.5   , 0.0   , 91.7   , 6    , 893   , 54.5   , 85.7   
976000,UdM,0,5439,Criminologie, 112  , 73.2   , 78.0   , 0.0   , 20.7   , 1.2   , 0.0   , 95.3   , 5    , 797   , 86.9   , 70.6   
976000,UdM,0,5473,Psychoéducation, 81  , 79.0   , 45.3   , 0.0   , 53.1   , 1.6   , 0.0   , 82.8   , 2    , 807   , 87.5   , 100.0   
976000,UdM,0,5477,Service social, 74  , 70.3   , 88.5   , 3.8   , 3.8   , 3.8   , 4.2   , 93.5   , 4    , 752   , 95.3   , 100.0   
976000,UdM,0,5495,Philosophie, 19  , 73.7   , 14.3   , 7.1   , 78.6   , 0.0   , 33.3   , 50.0   ,x    ,x   , 0.0   , 100.0   
976000,UdM,0,5499,Études pluridisciplinaires en sciences humaines, 208  , 72.1   , 51.3   , 7.3   , 38.7   , 2.7   , 12.5   , 88.3   , 13    , 751   , 64.7   , 84.5   
976000,UdM,0,5500,Langues et littératures modernes autres que le français et l'anglais, 33  , 84.8   , 35.7   , 3.6   , 53.6   , 7.1   , 9.1   , 100.0   , 8    , 848   , 10.0   , 73.3   
976000,UdM,0,5571,Traduction, 94  , 69.1   , 86.2   , 1.5   , 9.2   , 3.1   , 1.8   , 82.1   , 11    , 788   , 67.4   , 50.0   
976000,UdM,0,5585,"Linguistique (phonétique, sémantique, philologie)", 13  , 76.9   , 10.0   , 10.0   , 60.0   , 20.0   , 50.0   , 0.0   ,-    ,-   ,-   , 66.7   
976000,UdM,0,5590,"Français, en général, et français, langue maternelle", 45  , 64.4   , 31.0   , 3.4   , 62.1   , 3.4   , 10.0   , 55.6   , 2    , 524   , 40.0   , 94.4   
976000,UdM,0,5600,Droit, 329  , 67.2   , 54.3   , 5.4   , 35.7   , 4.5   , 9.1   , 94.2   , 6    , 914   , 92.9   , 72.2   
976000,UdM,0,5704,Formation des enseignants au préscolaire et au primaire, 159  , 74.2   , 91.5   , 0.0   , 3.4   , 5.1   , 0.0   , 83.3   , 3    , 784   , 95.6   , 75.0   
976000,UdM,0,5705,Formation des enseignants spécialistes au primaire et au secondaire, 61  , 67.2   , 95.1   , 0.0   , 2.4   , 2.4   , 0.0   , 79.5   , 5    , 725   , 90.3   , 100.0   
976000,UdM,0,5706,Formation des enseignants spécialistes en adaptation scolaire (orthopédagogie), 81  , 66.7   , 98.1   , 0.0   , 0.0   , 1.9   , 0.0   , 90.6   , 1    , 770   , 93.8   ,-   
976000,UdM,0,5708,Formation des enseignants au secondaire, 103  , 71.8   , 89.2   , 2.7   , 1.4   , 6.8   , 2.9   , 87.9   , 3    , 817   , 94.8   , 0.0   
976000,UdM,0,5816,Relations industrielles, 164  , 63.4   , 85.6   , 5.8   , 7.7   , 1.0   , 6.3   , 100.0   , 16    , 862   , 85.4   , 87.5   
976000,UdM,0,5903,Histoire de l'art, 17  , 70.6   , 50.0   , 0.0   , 41.7   , 8.3   , 0.0   , 66.7   , 1    , 606   , 25.0   , 100.0   
976000,UdM,0,5905,Musique, 85  , 76.5   , 47.7   , 3.1   , 46.2   , 3.1   , 6.1   , 61.3   , 4    , 615   , 31.6   , 76.7   
976000,UdM,0,5910,Cinématographie, 73  , 74.0   , 57.4   , 3.7   , 38.9   , 0.0   , 6.1   , 77.4   , 16    , 608   , 54.2   , 81.0   
976000,UdM,0,8000,Études plurisectorielles, 395  , 62.8   , 76.6   , 2.8   , 16.5   , 4.0   , 3.6   , 87.9   , 11    ,1 158   , 90.4   , 80.5   
976000,UdM,1,5102,Sciences fondamentales et sciences appliquées de la santé, 61  , 57.4   , 68.6   , 2.9   , 28.6   , 0.0   , 4.0   , 91.7   , 8    ,1 133   , 90.9   , 70.0   
976000,UdM,1,5104,Sciences infirmières et nursing, 47  , 68.1   , 96.9   , 0.0   , 3.1   , 0.0   , 0.0   , 90.3   , 2    ,1 446   , 92.9   , 100.0   
976000,UdM,1,5112,Pharmacie et sciences pharmaceutiques, 127  , 64.6   , 87.8   , 2.4   , 7.3   , 2.4   , 2.7   , 93.1   , 5    ,1 430   , 94.0   , 66.7   
976000,UdM,1,5115,Diététique et nutrition, 20  , 60.0   , 91.7   , 0.0   , 8.3   , 0.0   , 0.0   , 90.9   , 24    , 983   , 70.0   , 100.0   
976000,UdM,1,5120,Ergothérapie, 38  , 63.2   , 95.8   , 0.0   , 0.0   , 4.2   , 0.0   , 100.0   , 2    ,1 066   , 100.0   ,-   
976000,UdM,1,5121,Physiothérapie, 22  , 72.7   , 87.5   , 0.0   , 6.3   , 6.3   , 0.0   , 100.0   , 1    , 883   , 100.0   , 100.0   
976000,UdM,1,5123,Orthophonie et audiologie, 76  , 68.4   , 88.5   , 0.0   , 9.6   , 1.9   , 0.0   , 89.1   , 2    , 924   , 100.0   , 80.0   
976000,UdM,1,5140,Santé communautaire et épidémiologie, 49  , 71.4   , 74.3   , 14.3   , 11.4   , 0.0   , 16.1   , 96.2   , 7    ,1 036   , 80.0   , 100.0   
976000,UdM,1,5180,Médecine vétérinaire, 12  , 66.7   , 75.0   , 0.0   , 25.0   , 0.0   , 0.0   , 83.3   , 3    ,1 466   , 40.0   , 50.0   
976000,UdM,1,5200,Sciences biologiques, 34  , 61.8   , 52.4   , 9.5   , 38.1   , 0.0   , 15.4   , 72.7   , 16    , 785   , 62.5   , 75.0   
976000,UdM,1,5211,Microbiologie, 14  , 78.6   , 63.6   , 0.0   , 36.4   , 0.0   , 0.0   , 85.7   , 18    , 944   , 66.7   , 75.0   
976000,UdM,1,5230,Mathématiques, 11  , 81.8   , 88.9   , 0.0   , 11.1   , 0.0   , 0.0   , 100.0   , 13    , 918   , 87.5   , 100.0   
976000,UdM,1,5232,Probabilités et statistiques, 8  , 87.5   , 85.7   , 0.0   , 14.3   , 0.0   , 0.0   , 100.0   , 6    ,1 054   , 100.0   , 100.0   
976000,UdM,1,5245,Chimie, 19  , 63.2   , 58.3   , 0.0   , 41.7   , 0.0   , 0.0   , 100.0   , 15    , 912   , 71.4   , 80.0   
976000,UdM,1,5332,Architecture, 65  , 76.9   , 92.0   , 2.0   , 2.0   , 4.0   , 2.1   , 97.8   , 7    , 832   , 95.6   , 100.0   
976000,UdM,1,5335,Architecture urbaine et aménagement, 26  , 73.1   , 100.0   , 0.0   , 0.0   , 0.0   , 0.0   , 100.0   , 13    , 943   , 94.7   ,-   
976000,UdM,1,5340,Sciences de l'informatique, 15  , 66.7   , 80.0   , 0.0   , 20.0   , 0.0   , 0.0   , 100.0   , 14    ,1 105   , 100.0   , 50.0   
976000,UdM,1,5410,Communications et journalisme, 8  , 75.0   , 100.0   , 0.0   , 0.0   , 0.0   , 0.0   , 100.0   , 7    , 786   , 66.7   ,-   
976000,UdM,1,5420,Psychologie, 29  , 69.0   , 50.0   , 0.0   , 50.0   , 0.0   , 0.0   , 80.0   , 1    , 899   , 100.0   , 100.0   
976000,UdM,1,5432,Anthropologie, 25  , 64.0   , 37.5   , 6.3   , 43.8   , 12.5   , 14.3   , 83.3   , 24    , 846   , 80.0   , 71.4   
976000,UdM,1,5435,Histoire, 22  , 68.2   , 73.3   , 0.0   , 26.7   , 0.0   , 0.0   , 81.8   , 6    , 866   , 33.3   , 100.0   
976000,UdM,1,5436,Géographie, 9  , 88.9   , 62.5   , 0.0   , 37.5   , 0.0   , 0.0   , 100.0   , 43    , 729   , 80.0   , 33.3   
976000,UdM,1,5437,Sciences politiques, 44  , 63.6   , 82.1   , 3.6   , 14.3   , 0.0   , 4.2   , 100.0   , 14    , 870   , 82.6   , 75.0   
976000,UdM,1,5438,Sociologie, 10  , 80.0   , 75.0   , 0.0   , 25.0   , 0.0   , 0.0   , 83.3   , 17    , 864   , 80.0   , 100.0   
976000,UdM,1,5439,Criminologie, 26  , 69.2   , 77.8   , 5.6   , 16.7   , 0.0   , 6.7   , 100.0   , 4    , 980   , 92.9   , 100.0   
976000,UdM,1,5445,Démographie, 13  , 84.6   , 72.7   , 0.0   , 27.3   , 0.0   , 0.0   , 100.0   , 10    , 965   , 100.0   , 100.0   
976000,UdM,1,5477,Service social, 36  , 72.2   , 92.3   , 0.0   , 7.7   , 0.0   , 0.0   , 87.5   , 4    ,1 016   , 100.0   , 100.0   
976000,UdM,1,5495,Philosophie, 25  , 72.0   , 38.9   , 0.0   , 55.6   , 5.6   , 0.0   , 85.7   , 28    , 883   , 66.7   , 90.0   
976000,UdM,1,5571,Traduction, 26  , 61.5   , 81.3   , 6.3   , 0.0   , 12.5   , 7.1   , 84.6   , 7    , 807   , 81.8   ,-   
976000,UdM,1,5583,Littérature comparée, 14  , 64.3   , 55.6   , 0.0   , 44.4   , 0.0   , 0.0   , 60.0   , 1    ,x   , 33.3   , 100.0   
976000,UdM,1,5590,"Français, en général, et français, langue maternelle", 23  , 73.9   , 76.5   , 0.0   , 17.6   , 5.9   , 0.0   , 84.6   , 8    , 877   , 81.8   , 100.0   
976000,UdM,1,5600,Droit, 51  , 62.7   , 84.4   , 6.3   , 9.4   , 0.0   , 6.9   , 100.0   , 10    ,1 557   , 88.9   , 100.0   
976000,UdM,1,5700,Études pluridisciplinaires en sciences de l'éducation, 38  , 63.2   , 91.7   , 0.0   , 4.2   , 4.2   , 0.0   , 81.8   , 2    ,1 076   , 94.4   , 100.0   
976000,UdM,1,5702,Didactique (art d'enseigner), 19  , 73.7   , 50.0   , 0.0   , 35.7   , 14.3   , 0.0   , 57.1   ,n.d.    , 923   , 100.0   , 100.0   
976000,UdM,1,5804,Opérations bancaires et finance, 8  , 87.5   , 85.7   , 0.0   , 0.0   , 14.3   , 0.0   , 100.0   , 14    ,1 527   , 83.3   ,-   
976000,UdM,1,5816,Relations industrielles, 25  , 68.0   , 70.6   , 11.8   , 5.9   , 11.8   , 14.3   , 100.0   , 17    ,1 091   , 83.3   , 100.0   
976000,UdM,1,5850,Administration scolaire, 28  , 82.1   , 82.6   , 4.3   , 13.0   , 0.0   , 5.0   , 94.7   , 4    ,1 425   , 83.3   , 66.7   
976000,UdM,1,5851,Gestion des services de santé, 40  , 77.5   , 83.9   , 6.5   , 9.7   , 0.0   , 7.1   , 100.0   , 13    ,1 351   , 100.0   , 66.7   
976000,UdM,1,5890,Bibliothéconomie et archivistique, 62  , 75.8   , 93.6   , 4.3   , 2.1   , 0.0   , 4.3   , 93.2   , 7    , 874   , 97.6   , 100.0   
976000,UdM,1,5903,Histoire de l'art, 9  , 88.9   , 37.5   , 12.5   , 50.0   , 0.0   , 25.0   , 33.3   ,x    ,x   , 0.0   , 100.0   
976000,UdM,1,5905,Musique, 46  , 58.7   , 37.0   , 0.0   , 59.3   , 3.7   , 0.0   , 40.0   , 21    , 628   , 25.0   , 81.3   
976000,UdM,1,5910,Cinématographie, 10  , 100.0   , 40.0   , 10.0   , 50.0   , 0.0   , 20.0   , 75.0   ,n.d.    ,1 314   , 66.7   , 80.0   
976000,UdM,1,8000,Études plurisectorielles, 56  , 55.4   , 74.2   , 6.5   , 12.9   , 6.5   , 8.0   , 91.3   , 13    , 986   , 85.7   , 50.0   
976001,HEC,0,5800,Administration des affaires, 827  , 65.1   , 79.4   , 4.1   , 14.7   , 1.9   , 4.9   , 97.4   , 8    , 863   , 87.0   , 83.5   
976001,HEC,0,5802,Comptabilité et sciences comptables, 30  , 60.0   , 72.2   , 16.7   , 11.1   , 0.0   , 18.8   , 100.0   , 6    , 963   , 76.9   , 100.0   
976001,HEC,0,5815,Gestion du personnel, 9  , 66.7   , 83.3   , 0.0   , 16.7   , 0.0   , 0.0   , 100.0   , 9    ,1 072   , 100.0   , 0.0   
976001,HEC,0,5888,Études pluridisciplinaires en administration, 69  , 60.9   , 92.9   , 2.4   , 2.4   , 2.4   , 2.5   , 100.0   , 20    ,1 065   , 82.1   , 0.0   
976001,HEC,1,5800,Administration des affaires, 240  , 61.3   , 87.8   , 4.8   , 4.8   , 2.7   , 5.1   , 97.7   , 13    ,1 545   , 84.1   , 71.4   
976001,HEC,1,5806,Gestion et administration des entreprises, 98  , 65.3   , 85.9   , 6.3   , 4.7   , 3.1   , 6.8   , 100.0   , 10    ,1 239   , 81.8   , 66.7   
976002,EPM,0,5340,Sciences de l'informatique, 28  , 50.0   , 71.4   , 0.0   , 28.6   , 0.0   , 0.0   , 100.0   , 2    , 942   , 90.0   , 100.0   
976002,EPM,0,5356,Génie chimique, 28  , 67.9   , 57.9   , 10.5   , 31.6   , 0.0   , 15.4   , 90.9   , 9    , 851   , 90.0   , 100.0   
976002,EPM,0,5358,"Génie civil, de la construction et du transport", 74  , 67.6   , 92.0   , 0.0   , 8.0   , 0.0   , 0.0   , 100.0   , 2    ,1 045   , 93.5   , 75.0   
976002,EPM,0,5359,"Génie électrique, électronique et des communications", 84  , 65.5   , 83.6   , 0.0   , 14.5   , 1.8   , 0.0   , 97.8   , 17    , 949   , 73.3   , 100.0   
976002,EPM,0,5360,Génie mécanique, 114  , 65.8   , 80.0   , 5.3   , 14.7   , 0.0   , 6.3   , 98.3   , 14    ,1 028   , 89.8   , 100.0   
976002,EPM,0,5361,Génie géologique, 13  , 76.9   , 70.0   , 10.0   , 10.0   , 10.0   , 12.5   , 100.0   , 2    , 954   , 85.7   , 100.0   
976002,EPM,0,5363,Génie industriel et administratif, 40  , 52.5   , 57.1   , 9.5   , 28.6   , 4.8   , 14.3   , 100.0   , 7    , 962   , 91.7   , 100.0   
976002,EPM,0,5369,Génie physique, 17  , 76.5   , 23.1   , 0.0   , 76.9   , 0.0   , 0.0   , 100.0   , 6    , 897   , 100.0   , 100.0   
976002,EPM,0,5373,Génie informatique et de la construction des ordinateurs, 33  , 69.7   , 82.6   , 4.3   , 13.0   , 0.0   , 5.0   , 100.0   , 7    , 969   , 100.0   , 100.0   
976002,EPM,1,5233,Mathématiques appliquées, 5  , 100.0   , 80.0   , 0.0   , 20.0   , 0.0   , 0.0   , 50.0   ,x    ,x   , 100.0   , 100.0   
976002,EPM,1,5352,"Génie aérospatial, aéronautique et astronautique", 14  , 71.4   , 80.0   , 0.0   , 20.0   , 0.0   , 0.0   , 100.0   , 13    ,1 314   , 100.0   , 50.0   
976002,EPM,1,5356,Génie chimique, 13  , 69.2   , 55.6   , 11.1   , 33.3   , 0.0   , 16.7   , 100.0   , 2    ,1 144   , 60.0   , 100.0   
976002,EPM,1,5358,"Génie civil, de la construction et du transport", 36  , 52.8   , 73.7   , 5.3   , 15.8   , 5.3   , 6.7   , 100.0   , 12    ,1 013   , 85.7   , 100.0   
976002,EPM,1,5359,"Génie électrique, électronique et des communications", 28  , 64.3   , 72.2   , 5.6   , 22.2   , 0.0   , 7.1   , 100.0   , 19    ,1 107   , 92.3   , 100.0   
976002,EPM,1,5363,Génie industriel et administratif, 34  , 52.9   , 94.4   , 0.0   , 5.6   , 0.0   , 0.0   , 94.1   , 12    ,1 282   , 100.0   , 100.0   
976002,EPM,1,5369,Génie physique, 7  , 100.0   , 28.6   , 14.3   , 57.1   , 0.0   , 33.3   , 100.0   ,x    ,x   , 100.0   , 75.0   
976002,EPM,1,5373,Génie informatique et de la construction des ordinateurs, 12  , 83.3   , 70.0   , 0.0   , 30.0   , 0.0   , 0.0   , 100.0   , 3    ,1 718   , 100.0   , 100.0   
977000,US,0,5104,Sciences infirmières et nursing, 175  , 69.1   , 89.3   , 0.8   , 5.0   , 5.0   , 0.9   , 97.2   , 1    ,1 110   , 94.3   , 83.3   
977000,US,0,5106,Médecine, 154  , 64.3   , 1.0   , 0.0   , 97.0   , 2.0   , 0.0   , 100.0   ,x    ,x   , 100.0   , 87.5   
977000,US,0,5112,Pharmacie et sciences pharmaceutiques, 58  , 81.0   , 21.3   , 2.1   , 76.6   , 0.0   , 9.1   , 90.0   , 15    , 939   , 55.6   , 97.2   
977000,US,0,5200,Sciences biologiques, 88  , 65.9   , 36.2   , 3.4   , 60.3   , 0.0   , 8.7   , 85.7   , 7    , 818   , 72.2   , 94.3   
977000,US,0,5211,Microbiologie, 23  , 65.2   , 26.7   , 0.0   , 73.3   , 0.0   , 0.0   , 75.0   , 5    , 769   , 100.0   , 90.9   
977000,US,0,5214,Biochimie, 11  , 81.8   , 33.3   , 0.0   , 66.7   , 0.0   , 0.0   , 100.0   , 7    , 625   , 66.7   , 83.3   
977000,US,0,5230,Mathématiques, 13  , 84.6   , 45.5   , 0.0   , 54.5   , 0.0   , 0.0   , 80.0   , 11    ,1 099   , 75.0   , 83.3   
977000,US,0,5240,Sciences physiques, 16  , 68.8   , 18.2   , 0.0   , 81.8   , 0.0   , 0.0   , 50.0   ,x    ,x   , 0.0   , 100.0   
977000,US,0,5245,Chimie, 18  , 66.7   , 25.0   , 0.0   , 75.0   , 0.0   , 0.0   , 100.0   , 8    , 881   , 100.0   , 100.0   
977000,US,0,5340,Sciences de l'informatique, 71  , 64.8   , 82.6   , 2.2   , 15.2   , 0.0   , 2.6   , 100.0   , 4    , 923   , 94.7   , 100.0   
977000,US,0,5355,Génie biologique et biomédical, 24  , 70.8   , 64.7   , 5.9   , 23.5   , 5.9   , 8.3   , 100.0   , 7    , 983   , 81.8   , 100.0   
977000,US,0,5358,"Génie civil, de la construction et du transport", 57  , 68.4   , 92.3   , 0.0   , 7.7   , 0.0   , 0.0   , 100.0   , 3    ,1 068   , 100.0   , 100.0   
977000,US,0,5359,"Génie électrique, électronique et des communications", 54  , 74.1   , 80.0   , 5.0   , 15.0   , 0.0   , 5.9   , 100.0   , 5    ,1 004   , 90.6   , 100.0   
977000,US,0,5360,Génie mécanique, 102  , 64.7   , 75.8   , 3.0   , 21.2   , 0.0   , 3.8   , 96.0   , 6    ,1 082   , 91.7   , 100.0   
977000,US,0,5373,Génie informatique et de la construction des ordinateurs, 38  , 63.2   , 79.2   , 4.2   , 16.7   , 0.0   , 5.0   , 100.0   , 7    , 951   , 94.7   , 100.0   
977000,US,0,5380,Sciences de l'activité physique, 76  , 69.7   , 81.1   , 0.0   , 18.9   , 0.0   , 0.0   , 74.4   , 9    , 723   , 84.4   , 100.0   
977000,US,0,5420,Psychologie, 48  , 81.3   , 17.9   , 2.6   , 76.9   , 2.6   , 12.5   , 85.7   , 14    , 506   , 50.0   , 90.0   
977000,US,0,5434,Économique, 10  , 70.0   , 28.6   , 0.0   , 71.4   , 0.0   , 0.0   , 50.0   ,x    ,x   , 100.0   , 100.0   
977000,US,0,5435,Histoire, 35  , 77.1   , 29.6   , 3.7   , 63.0   , 3.7   , 11.1   , 87.5   , 3    , 543   , 14.3   , 82.4   
977000,US,0,5436,Géographie, 35  , 68.6   , 50.0   , 0.0   , 50.0   , 0.0   , 0.0   , 100.0   , 6    , 912   , 91.7   , 91.7   
977000,US,0,5437,Sciences politiques, 44  , 77.3   , 38.2   , 0.0   , 61.8   , 0.0   , 0.0   , 100.0   , 7    , 773   , 53.8   , 90.5   
977000,US,0,5473,Psychoéducation, 70  , 78.6   , 36.4   , 1.8   , 56.4   , 5.5   , 4.8   , 95.0   , 11    , 815   , 94.7   , 100.0   
977000,US,0,5477,Service social, 64  , 71.9   , 89.1   , 0.0   , 10.9   , 0.0   , 0.0   , 95.1   , 3    , 801   , 92.3   , 80.0   
977000,US,0,5479,"Orientation, information scolaire et professionnelle", 36  , 69.4   , 44.0   , 0.0   , 52.0   , 4.0   , 0.0   , 81.8   , 3    , 630   , 88.9   , 100.0   
977000,US,0,5495,Philosophie, 10  , 90.0   , 44.4   , 0.0   , 44.4   , 11.1   , 0.0   , 100.0   , 1    , 860   , 25.0   , 100.0   
977000,US,0,5498,Sciences religieuses, 8  , 100.0   , 50.0   , 12.5   , 25.0   , 12.5   , 20.0   , 75.0   ,n.d.    , 653   , 66.7   , 100.0   
977000,US,0,5571,Traduction, 55  , 74.5   , 87.8   , 2.4   , 7.3   , 2.4   , 2.7   , 91.7   , 13    , 839   , 87.9   , 33.3   
977000,US,0,5590,"Français, en général, et français, langue maternelle", 106  , 78.3   , 69.9   , 4.8   , 22.9   , 2.4   , 6.5   , 84.5   , 11    , 752   , 81.6   , 89.5   
977000,US,0,5594,"Anglais, en général, et anglais, langue maternelle", 7  , 71.4   , 40.0   , 0.0   , 60.0   , 0.0   , 0.0   , 50.0   ,x    ,x   , 100.0   , 66.7   
977000,US,0,5600,Droit, 257  , 68.5   , 50.6   , 8.5   , 34.7   , 6.3   , 14.4   , 94.4   , 6    , 785   , 92.9   , 75.4   
977000,US,0,5704,Formation des enseignants au préscolaire et au primaire, 160  , 76.3   , 91.0   , 2.5   , 5.7   , 0.8   , 2.6   , 61.3   , 4    , 719   , 95.6   , 71.4   
977000,US,0,5705,Formation des enseignants spécialistes au primaire et au secondaire, 115  , 68.7   , 92.4   , 1.3   , 5.1   , 1.3   , 1.4   , 64.4   , 4    , 774   , 95.7   , 25.0   
977000,US,0,5706,Formation des enseignants spécialistes en adaptation scolaire (orthopédagogie), 86  , 74.4   , 92.2   , 3.1   , 1.6   , 3.1   , 3.3   , 71.2   , 3    , 779   , 97.6   , 100.0   
977000,US,0,5708,Formation des enseignants au secondaire, 85  , 69.4   , 88.1   , 1.7   , 8.5   , 1.7   , 1.9   , 86.5   , 3    , 789   , 88.9   , 100.0   
977000,US,0,5709,Formation des enseignants de l'enseignement professionnel au secondaire et au collégial, 35  , 65.7   , 100.0   , 0.0   , 0.0   , 0.0   , 0.0   , 95.7   , 2    ,1 313   , 90.9   ,-   
977000,US,0,5800,Administration des affaires, 26  , 84.6   , 72.7   , 9.1   , 18.2   , 0.0   , 11.1   , 93.8   , 2    , 970   , 86.7   , 75.0   
977000,US,0,5802,Comptabilité et sciences comptables, 130  , 77.7   , 93.1   , 1.0   , 5.0   , 1.0   , 1.1   , 100.0   , 5    , 840   , 97.9   , 40.0   
977000,US,0,5803,Information de gestion, 19  , 89.5   , 94.1   , 0.0   , 0.0   , 5.9   , 0.0   , 100.0   , 5    , 932   , 81.3   ,-   
977000,US,0,5804,Opérations bancaires et finance, 93  , 73.1   , 70.6   , 5.9   , 20.6   , 2.9   , 7.7   , 97.9   , 12    , 880   , 93.6   , 100.0   
977000,US,0,5809,Marketing et achats, 71  , 69.0   , 83.7   , 8.2   , 8.2   , 0.0   , 8.9   , 92.7   , 13    , 915   , 89.5   , 75.0   
977000,US,0,5815,Gestion du personnel, 35  , 74.3   , 76.9   , 15.4   , 3.8   , 3.8   , 16.7   , 95.0   , 8    , 842   , 78.9   , 100.0   
977000,US,0,5905,Musique, 24  , 66.7   , 50.0   , 0.0   , 37.5   , 12.5   , 0.0   , 62.5   , 1    , 800   , 0.0   , 33.3   
977000,US,0,8000,Études plurisectorielles, 53  , 75.5   , 65.0   , 5.0   , 22.5   , 7.5   , 7.1   , 80.8   , 12    , 915   , 61.9   , 77.8   
977000,US,1,5102,Sciences fondamentales et sciences appliquées de la santé, 38  , 81.6   , 45.2   , 3.2   , 51.6   , 0.0   , 6.7   , 71.4   , 9    , 913   , 70.0   , 81.3   
977000,US,1,5200,Sciences biologiques, 24  , 79.2   , 78.9   , 10.5   , 10.5   , 0.0   , 11.8   , 100.0   , 11    , 973   , 80.0   , 50.0   
977000,US,1,5340,Sciences de l'informatique, 13  , 84.6   , 81.8   , 9.1   , 9.1   , 0.0   , 10.0   , 88.9   , 11    ,1 067   , 62.5   , 0.0   
977000,US,1,5350,Ingénierie, 42  , 78.6   , 93.9   , 3.0   , 3.0   , 0.0   , 3.1   , 93.5   , 3    ,1 637   , 96.6   , 0.0   
977000,US,1,5358,"Génie civil, de la construction et du transport", 18  , 72.2   , 84.6   , 0.0   , 15.4   , 0.0   , 0.0   , 100.0   , 8    ,1 225   , 90.9   , 100.0   
977000,US,1,5359,"Génie électrique, électronique et des communications", 22  , 72.7   , 56.3   , 0.0   , 43.8   , 0.0   , 0.0   , 100.0   , 11    ,1 160   , 88.9   , 100.0   
977000,US,1,5360,Génie mécanique, 13  , 69.2   , 88.9   , 0.0   , 11.1   , 0.0   , 0.0   , 100.0   , 11    ,1 260   , 75.0   , 100.0   
977000,US,1,5380,Sciences de l'activité physique, 5  , 100.0   , 100.0   , 0.0   , 0.0   , 0.0   , 0.0   , 80.0   , 2    , 782   , 100.0   ,-   
977000,US,1,5435,Histoire, 17  , 76.5   , 92.3   , 0.0   , 0.0   , 7.7   , 0.0   , 100.0   , 13    , 900   , 66.7   ,-   
977000,US,1,5473,Psychoéducation, 61  , 73.8   , 91.1   , 0.0   , 4.4   , 4.4   , 0.0   , 90.2   , 4    , 859   , 100.0   , 100.0   
977000,US,1,5477,Service social, 18  , 72.2   , 76.9   , 7.7   , 15.4   , 0.0   , 9.1   , 100.0   , 5    , 768   , 100.0   , 100.0   
977000,US,1,5479,"Orientation, information scolaire et professionnelle", 23  , 65.2   , 80.0   , 6.7   , 6.7   , 6.7   , 7.7   , 75.0   , 11    , 917   , 88.9   , 0.0   
977000,US,1,5495,Philosophie, 6  , 66.7   , 100.0   , 0.0   , 0.0   , 0.0   , 0.0   , 100.0   , 4    , 690   , 75.0   ,-   
977000,US,1,5498,Sciences religieuses, 15  , 80.0   , 66.7   , 0.0   , 16.7   , 16.7   , 0.0   , 37.5   , 2    , 656   , 100.0   , 100.0   
977000,US,1,5590,"Français, en général, et français, langue maternelle", 12  , 75.0   , 66.7   , 0.0   , 33.3   , 0.0   , 0.0   , 66.7   , 4    , 970   , 100.0   , 100.0   
977000,US,1,5600,Droit, 38  , 63.2   , 70.8   , 8.3   , 20.8   , 0.0   , 10.5   , 94.1   , 7    ,1 325   , 81.3   , 80.0   
977000,US,1,5700,Études pluridisciplinaires en sciences de l'éducation, 13  , 84.6   , 36.4   , 0.0   , 54.5   , 9.1   , 0.0   , 100.0   , 4    , 953   , 100.0   , 100.0   
977000,US,1,5704,Formation des enseignants au préscolaire et au primaire, 21  , 85.7   , 100.0   , 0.0   , 0.0   , 0.0   , 0.0   , 94.4   , 29    ,1 210   , 100.0   ,-   
977000,US,1,5706,Formation des enseignants spécialistes en adaptation scolaire (orthopédagogie), 7  , 71.4   , 80.0   , 0.0   , 20.0   , 0.0   , 0.0   , 100.0   , 1    ,1 067   , 100.0   , 100.0   
977000,US,1,5710,Formation des enseignants au collégial, 9  , 66.7   , 100.0   , 0.0   , 0.0   , 0.0   , 0.0   , 100.0   ,n.d.    ,1 340   , 100.0   ,-   
977000,US,1,5800,Administration des affaires, 307  , 71.3   , 95.4   , 2.3   , 1.8   , 0.5   , 2.3   , 98.6   , 10    ,1 286   , 88.3   , 50.0   
977000,US,1,5804,Opérations bancaires et finance, 26  , 61.5   , 100.0   , 0.0   , 0.0   , 0.0   , 0.0   , 100.0   , 1    ,1 243   , 93.8   ,-   
977000,US,1,5850,Administration scolaire, 129  , 71.3   , 95.7   , 0.0   , 0.0   , 4.3   , 0.0   , 97.7   , 2    ,1 731   , 97.7   ,-   
977000,US,1,5870,Coopération, 6  , 83.3   , 60.0   , 0.0   , 20.0   , 20.0   , 0.0   , 100.0   , 24    , 846   , 100.0   , 100.0   
977000,US,1,8076,Environnement (qualité du milieu et pollution), 89  , 68.5   , 90.2   , 8.2   , 0.0   , 1.6   , 8.3   , 94.5   , 8    ,1 012   , 78.8   ,-   
978001,UQAM,0,5200,Sciences biologiques, 34  , 82.4   , 35.7   , 3.6   , 57.1   , 3.6   , 9.1   , 90.0   , 28    , 778   , 66.7   , 100.0   
978001,UQAM,0,5214,Biochimie, 59  , 79.7   , 46.8   , 10.6   , 40.4   , 2.1   , 18.5   , 77.3   , 20    , 850   , 70.6   , 84.2   
978001,UQAM,0,5230,Mathématiques, 20  , 75.0   , 20.0   , 6.7   , 66.7   , 6.7   , 25.0   , 100.0   , 9    , 696   , 66.7   , 80.0   
978001,UQAM,0,5234,Actuariat, 81  , 63.0   , 92.2   , 2.0   , 5.9   , 0.0   , 2.1   , 100.0   , 12    ,1 000   , 87.2   , 66.7   
978001,UQAM,0,5245,Chimie, 18  , 66.7   , 66.7   , 16.7   , 16.7   , 0.0   , 20.0   , 87.5   , 4    , 750   , 85.7   , 100.0   
978001,UQAM,0,5330,Design de l'environnement, 63  , 73.0   , 58.7   , 2.2   , 39.1   , 0.0   , 3.6   , 92.6   , 11    , 713   , 64.0   , 77.8   
978001,UQAM,0,5338,Urbanisme, 59  , 79.7   , 78.7   , 4.3   , 12.8   , 4.3   , 5.1   , 86.5   , 6    , 789   , 81.3   , 83.3   
978001,UQAM,0,5340,Sciences de l'informatique, 80  , 62.5   , 92.0   , 0.0   , 6.0   , 2.0   , 0.0   , 97.8   , 10    ,1 003   , 88.9   , 100.0   
978001,UQAM,0,5359,"Génie électrique, électronique et des communications", 7  , 85.7   , 66.7   , 16.7   , 16.7   , 0.0   , 20.0   , 100.0   , 15    , 949   , 75.0   , 100.0   
978001,UQAM,0,5380,Sciences de l'activité physique, 55  , 70.9   , 84.6   , 0.0   , 15.4   , 0.0   , 0.0   , 69.7   , 4    , 868   , 91.3   , 66.7   
978001,UQAM,0,5410,Communications et journalisme, 251  , 68.1   , 69.0   , 4.1   , 24.0   , 2.9   , 5.6   , 91.5   , 9    , 779   , 82.4   , 56.1   
978001,UQAM,0,5420,Psychologie, 129  , 71.3   , 30.4   , 2.2   , 64.1   , 3.3   , 6.7   , 71.4   , 9    , 750   , 60.0   , 94.9   
978001,UQAM,0,5434,Économique, 41  , 68.3   , 42.9   , 0.0   , 53.6   , 3.6   , 0.0   , 91.7   , 3    ,1 264   , 63.6   , 93.3   
978001,UQAM,0,5435,Histoire, 43  , 72.1   , 45.2   , 3.2   , 48.4   , 3.2   , 6.7   , 64.3   , 6    , 739   , 11.1   , 93.3   
978001,UQAM,0,5436,Géographie, 28  , 71.4   , 40.0   , 15.0   , 40.0   , 5.0   , 27.3   , 100.0   , 6    , 899   , 100.0   , 87.5   
978001,UQAM,0,5437,Sciences politiques, 152  , 75.7   , 33.0   , 6.1   , 58.3   , 2.6   , 15.6   , 81.6   , 13    , 805   , 41.9   , 88.1   
978001,UQAM,0,5438,Sociologie, 43  , 72.1   , 38.7   , 9.7   , 51.6   , 0.0   , 20.0   , 83.3   , 6    , 804   , 30.0   , 87.5   
978001,UQAM,0,5471,Sexologie, 84  , 76.2   , 60.9   , 3.1   , 35.9   , 0.0   , 4.9   , 79.5   , 8    , 662   , 58.1   , 82.6   
978001,UQAM,0,5477,Service social, 118  , 61.9   , 89.0   , 1.4   , 2.7   , 6.8   , 1.5   , 84.6   , 4    , 865   , 98.2   , 100.0   
978001,UQAM,0,5478,Animation sociale ou communautaire, 179  , 67.0   , 72.5   , 6.7   , 18.3   , 2.5   , 8.4   , 88.5   , 9    , 699   , 79.2   , 81.8   
978001,UQAM,0,5479,"Orientation, information scolaire et professionnelle", 55  , 61.8   , 79.4   , 2.9   , 14.7   , 2.9   , 3.6   , 96.3   , 6    , 788   , 88.5   , 80.0   
978001,UQAM,0,5498,Sciences religieuses, 6  , 83.3   , 40.0   , 0.0   , 60.0   , 0.0   , 0.0   , 100.0   ,x    ,x   , 0.0   , 66.7   
978001,UQAM,0,5499,Études pluridisciplinaires en sciences humaines, 42  , 81.0   , 50.0   , 0.0   , 50.0   , 0.0   , 0.0   , 82.4   , 5    , 701   , 71.4   , 94.1   
978001,UQAM,0,5585,"Linguistique (phonétique, sémantique, philologie)", 25  , 80.0   , 60.0   , 0.0   , 35.0   , 5.0   , 0.0   , 83.3   , 15    , 629   , 30.0   , 71.4   
978001,UQAM,0,5590,"Français, en général, et français, langue maternelle", 105  , 72.4   , 36.8   , 3.9   , 57.9   , 1.3   , 9.7   , 78.6   , 4    , 804   , 40.9   , 90.9   
978001,UQAM,0,5600,Droit, 107  , 72.0   , 49.4   , 5.2   , 35.1   , 10.4   , 9.5   , 94.7   , 4    , 858   , 91.7   , 77.8   
978001,UQAM,0,5700,Études pluridisciplinaires en sciences de l'éducation, 19  , 63.2   , 50.0   , 8.3   , 41.7   , 0.0   , 14.3   , 66.7   , 13    , 866   , 0.0   , 60.0   
978001,UQAM,0,5703,Formation des enseignants au préscolaire, 12  , 91.7   , 100.0   , 0.0   , 0.0   , 0.0   , 0.0   , 90.9   , 1    , 831   , 100.0   ,-   
978001,UQAM,0,5704,Formation des enseignants au préscolaire et au primaire, 176  , 77.3   , 92.6   , 0.7   , 2.9   , 3.7   , 0.8   , 88.9   , 3    , 771   , 97.3   , 50.0   
978001,UQAM,0,5705,Formation des enseignants spécialistes au primaire et au secondaire, 196  , 73.5   , 87.5   , 1.4   , 7.6   , 3.5   , 1.6   , 75.4   , 5    , 876   , 97.9   , 81.8   
978001,UQAM,0,5706,Formation des enseignants spécialistes en adaptation scolaire (orthopédagogie), 100  , 80.0   , 92.5   , 0.0   , 6.3   , 1.3   , 0.0   , 95.9   , 1    , 802   , 95.8   , 80.0   
978001,UQAM,0,5708,Formation des enseignants au secondaire, 159  , 75.5   , 84.2   , 3.3   , 9.2   , 3.3   , 3.8   , 78.2   , 3    , 805   , 91.1   , 90.9   
978001,UQAM,0,5709,Formation des enseignants de l'enseignement professionnel au secondaire et au collégial, 25  , 84.0   , 76.2   , 4.8   , 9.5   , 9.5   , 5.9   , 81.3   , 1    ,1 256   , 69.2   , 100.0   
978001,UQAM,0,5800,Administration des affaires, 381  , 66.9   , 86.3   , 3.5   , 7.5   , 2.7   , 3.9   , 96.4   , 10    , 948   , 80.2   , 68.4   
978001,UQAM,0,5802,Comptabilité et sciences comptables, 321  , 72.3   , 84.5   , 3.4   , 10.3   , 1.7   , 3.9   , 94.9   , 8    , 930   , 90.3   , 83.3   
978001,UQAM,0,5806,Gestion et administration des entreprises, 8  , 87.5   , 85.7   , 0.0   , 14.3   , 0.0   , 0.0   , 100.0   , 9    , 853   , 33.3   , 0.0   
978001,UQAM,0,5809,Marketing et achats, 30  , 66.7   , 95.0   , 0.0   , 5.0   , 0.0   , 0.0   , 100.0   , 11    , 842   , 57.9   , 100.0   
978001,UQAM,0,5815,Gestion du personnel, 108  , 68.5   , 81.1   , 5.4   , 10.8   , 2.7   , 6.3   , 96.7   , 13    , 904   , 86.2   , 87.5   
978001,UQAM,0,5871,Gestion de la production, 9  , 66.7   , 50.0   , 16.7   , 16.7   , 16.7   , 25.0   , 100.0   , 26    , 813   , 66.7   , 100.0   
978001,UQAM,0,5880,Administration publique, 13  , 61.5   , 75.0   , 0.0   , 25.0   , 0.0   , 0.0   , 100.0   , 5    ,1 207   , 66.7   , 50.0   
978001,UQAM,0,5888,Études pluridisciplinaires en administration, 129  , 60.5   , 91.0   , 1.3   , 5.1   , 2.6   , 1.4   , 100.0   , 10    ,1 039   , 76.1   , 100.0   
978001,UQAM,0,5903,Histoire de l'art, 38  , 78.9   , 33.3   , 3.3   , 56.7   , 6.7   , 9.1   , 80.0   , 9    , 600   , 25.0   , 76.5   
978001,UQAM,0,5905,Musique, 35  , 74.3   , 61.5   , 3.8   , 30.8   , 3.8   , 5.9   , 56.3   , 15    , 750   , 77.8   , 62.5   
978001,UQAM,0,5907,Art dramatique, 33  , 87.9   , 58.6   , 3.4   , 27.6   , 10.3   , 5.6   , 52.9   , 27    , 487   , 88.9   , 100.0   
978001,UQAM,0,5908,"Mouvement expressif, danse, mime, rythmique", 10  , 90.0   , 33.3   , 0.0   , 66.7   , 0.0   , 0.0   , 33.3   ,x    ,x   , 0.0   , 66.7   
978001,UQAM,0,5909,"Design appliqué (céramique, tissage, orfèvrerie, décor)", 66  , 59.1   , 79.5   , 0.0   , 15.4   , 5.1   , 0.0   , 93.5   , 7    , 868   , 72.4   , 50.0   
978001,UQAM,0,5971,Arts graphiques (communications graphiques), 106  , 78.3   , 67.5   , 1.2   , 24.1   , 7.2   , 1.8   , 76.8   , 6    , 726   , 81.4   , 80.0   
978001,UQAM,0,8000,Études plurisectorielles, 55  , 60.0   , 81.8   , 0.0   , 15.2   , 3.0   , 0.0   , 88.9   , 27    , 827   , 79.2   , 100.0   
978001,UQAM,1,5243,Météorologie et sciences de l'atmosphère, 10  , 70.0   , 28.6   , 14.3   , 42.9   , 14.3   , 33.3   , 100.0   ,x    ,x   , 100.0   , 66.7   
978001,UQAM,1,5245,Chimie, 16  , 75.0   , 58.3   , 16.7   , 25.0   , 0.0   , 22.2   , 85.7   , 7    , 872   , 100.0   , 100.0   
978001,UQAM,1,5363,Génie industriel et administratif, 6  , 66.7   , 75.0   , 0.0   , 25.0   , 0.0   , 0.0   , 100.0   , 26    ,1 250   , 100.0   , 100.0   
978001,UQAM,1,5380,Sciences de l'activité physique, 9  , 100.0   , 55.6   , 0.0   , 44.4   , 0.0   , 0.0   , 80.0   , 1    ,1 051   , 100.0   , 75.0   
978001,UQAM,1,5410,Communications et journalisme, 39  , 64.1   , 76.0   , 0.0   , 20.0   , 4.0   , 0.0   , 78.9   , 8    ,1 023   , 93.3   , 100.0   
978001,UQAM,1,5420,Psychologie, 41  , 68.3   , 21.4   , 0.0   , 75.0   , 3.6   , 0.0   , 50.0   , 1    ,1 176   , 100.0   , 100.0   
978001,UQAM,1,5434,Économique, 14  , 64.3   , 77.8   , 0.0   , 22.2   , 0.0   , 0.0   , 100.0   , 9    ,1 340   , 85.7   , 100.0   
978001,UQAM,1,5435,Histoire, 24  , 70.8   , 70.6   , 11.8   , 11.8   , 5.9   , 14.3   , 75.0   , 22    , 923   , 33.3   , 50.0   
978001,UQAM,1,5437,Sciences politiques, 53  , 66.0   , 74.3   , 0.0   , 25.7   , 0.0   , 0.0   , 84.6   , 17    , 881   , 86.4   , 88.9   
978001,UQAM,1,5438,Sociologie, 22  , 68.2   , 40.0   , 13.3   , 46.7   , 0.0   , 25.0   , 100.0   , 30    ,1 074   , 83.3   , 100.0   
978001,UQAM,1,5471,Sexologie, 27  , 74.1   , 90.0   , 0.0   , 10.0   , 0.0   , 0.0   , 50.0   , 6    ,1 044   , 88.9   , 100.0   
978001,UQAM,1,5585,"Linguistique (phonétique, sémantique, philologie)", 22  , 72.7   , 75.0   , 6.3   , 18.8   , 0.0   , 7.7   , 66.7   , 15    , 962   , 87.5   , 66.7   
978001,UQAM,1,5590,"Français, en général, et français, langue maternelle", 47  , 76.6   , 69.4   , 2.8   , 25.0   , 2.8   , 3.8   , 60.0   , 5    , 787   , 86.7   , 77.8   
978001,UQAM,1,5600,Droit, 16  , 75.0   , 58.3   , 8.3   , 25.0   , 8.3   , 12.5   , 71.4   , 12    ,1 274   , 60.0   , 66.7   
978001,UQAM,1,5700,Études pluridisciplinaires en sciences de l'éducation, 39  , 76.9   , 83.3   , 6.7   , 10.0   , 0.0   , 7.4   , 84.0   , 15    ,1 122   , 85.7   , 100.0   
978001,UQAM,1,5800,Administration des affaires, 296  , 61.1   , 91.7   , 1.7   , 3.3   , 3.3   , 1.8   , 95.2   , 13    ,1 580   , 88.6   , 83.3   
978001,UQAM,1,5804,Opérations bancaires et finance, 44  , 56.8   , 72.0   , 12.0   , 16.0   , 0.0   , 14.3   , 94.4   , 21    ,1 112   , 76.5   , 75.0   
978001,UQAM,1,5806,Gestion et administration des entreprises, 60  , 68.3   , 97.6   , 2.4   , 0.0   , 0.0   , 2.4   , 92.5   , 4    ,1 195   , 94.6   ,-   
978001,UQAM,1,5902,"Arts plastiques (peinture, dessin, sculpture)", 13  , 61.5   , 62.5   , 25.0   , 12.5   , 0.0   , 28.6   , 40.0   ,x    ,x   , 100.0   , 100.0   
978001,UQAM,1,5903,Histoire de l'art, 19  , 94.7   , 50.0   , 0.0   , 44.4   , 5.6   , 0.0   , 77.8   , 12    , 828   , 42.9   , 100.0   
978001,UQAM,1,8000,Études plurisectorielles, 9  , 77.8   , 85.7   , 0.0   , 14.3   , 0.0   , 0.0   , 66.7   , 26    , 721   , 75.0   , 100.0   
978001,UQAM,1,8076,Environnement (qualité du milieu et pollution), 31  , 64.5   , 75.0   , 0.0   , 20.0   , 5.0   , 0.0   , 93.3   , 7    ,1 012   , 78.6   , 50.0   
978002,UQTR,0,5104,Sciences infirmières et nursing, 136  , 73.5   , 92.0   , 0.0   , 6.0   , 2.0   , 0.0   , 90.2   , 3    ,1 141   , 96.4   , 100.0   
978002,UQTR,0,5105,Pratique sage-femme, 18  , 83.3   , 86.7   , 0.0   , 6.7   , 6.7   , 0.0   , 69.2   , 1    , 900   , 88.9   , 100.0   
978002,UQTR,0,5122,Chiropratique, 39  , 76.9   , 86.7   , 0.0   , 13.3   , 0.0   , 0.0   , 46.2   ,x    ,x   , 100.0   , 100.0   
978002,UQTR,0,5150,Autres professions de la santé, 18  , 83.3   , 100.0   , 0.0   , 0.0   , 0.0   , 0.0   , 80.0   ,n.d.    ,x   , 100.0   ,-   
978002,UQTR,0,5199,Études pluridisciplinaires en sciences de la santé, 59  , 72.9   , 30.2   , 0.0   , 69.8   , 0.0   , 0.0   , 100.0   , 4    , 811   , 76.9   , 90.0   
978002,UQTR,0,5200,Sciences biologiques, 26  , 69.2   , 27.8   , 16.7   , 50.0   , 5.6   , 37.5   , 100.0   , 32    , 774   , 60.0   , 88.9   
978002,UQTR,0,5230,Mathématiques, 5  , 100.0   , 40.0   , 0.0   , 40.0   , 20.0   , 0.0   , 100.0   ,x    ,x   , 100.0   , 100.0   
978002,UQTR,0,5359,"Génie électrique, électronique et des communications", 13  , 76.9   , 80.0   , 0.0   , 20.0   , 0.0   , 0.0   , 100.0   , 18    , 877   , 87.5   , 100.0   
978002,UQTR,0,5360,Génie mécanique, 30  , 60.0   , 94.4   , 0.0   , 5.6   , 0.0   , 0.0   , 100.0   , 10    , 971   , 82.4   , 100.0   
978002,UQTR,0,5363,Génie industriel et administratif, 27  , 74.1   , 70.0   , 5.0   , 20.0   , 5.0   , 6.7   , 100.0   , 9    ,1 088   , 92.9   , 100.0   
978002,UQTR,0,5380,Sciences de l'activité physique, 37  , 73.0   , 66.7   , 3.7   , 25.9   , 3.7   , 5.3   , 88.9   , 10    , 713   , 93.8   , 100.0   
978002,UQTR,0,5420,Psychologie, 97  , 74.2   , 38.9   , 1.4   , 54.2   , 5.6   , 3.4   , 75.0   , 8    , 741   , 47.6   , 89.7   
978002,UQTR,0,5436,Géographie, 9  , 66.7   , 33.3   , 16.7   , 50.0   , 0.0   , 33.3   , 50.0   ,x    ,x   , 100.0   , 100.0   
978002,UQTR,0,5473,Psychoéducation, 105  , 73.3   , 61.0   , 0.0   , 33.8   , 5.2   , 0.0   , 87.2   , 1    , 898   , 95.1   , 100.0   
978002,UQTR,0,5478,Animation sociale ou communautaire, 72  , 63.9   , 71.7   , 4.3   , 21.7   , 2.2   , 5.7   , 87.9   , 12    , 659   , 69.0   , 100.0   
978002,UQTR,0,5480,Récréologie, 53  , 71.7   , 92.1   , 2.6   , 2.6   , 2.6   , 2.8   , 85.7   , 10    , 667   , 83.3   , 100.0   
978002,UQTR,0,5495,Philosophie, 6  , 83.3   , 40.0   , 0.0   , 60.0   , 0.0   , 0.0   , 0.0   ,-    ,-   ,-   , 100.0   
978002,UQTR,0,5590,"Français, en général, et français, langue maternelle", 17  , 70.6   , 25.0   , 8.3   , 66.7   , 0.0   , 25.0   , 100.0   , 2    , 741   , 33.3   , 75.0   
978002,UQTR,0,5704,Formation des enseignants au préscolaire et au primaire, 104  , 83.7   , 90.8   , 1.1   , 4.6   , 3.4   , 1.3   , 53.2   , 4    , 853   , 92.9   , 75.0   
978002,UQTR,0,5705,Formation des enseignants spécialistes au primaire et au secondaire, 80  , 75.0   , 86.7   , 1.7   , 8.3   , 3.3   , 1.9   , 48.1   , 6    , 770   , 88.0   , 100.0   
978002,UQTR,0,5706,Formation des enseignants spécialistes en adaptation scolaire (orthopédagogie), 58  , 84.5   , 89.8   , 2.0   , 4.1   , 4.1   , 2.2   , 75.0   , 2    , 870   , 93.9   , 100.0   
978002,UQTR,0,5708,Formation des enseignants au secondaire, 65  , 63.1   , 85.4   , 2.4   , 7.3   , 4.9   , 2.8   , 74.3   , 2    , 858   , 96.2   , 66.7   
978002,UQTR,0,5800,Administration des affaires, 152  , 67.8   , 79.6   , 5.8   , 13.6   , 1.0   , 6.8   , 98.8   , 10    , 808   , 90.1   , 71.4   
978002,UQTR,0,5802,Comptabilité et sciences comptables, 123  , 70.7   , 89.7   , 2.3   , 8.0   , 0.0   , 2.5   , 96.2   , 5    , 769   , 94.7   , 71.4   
978002,UQTR,0,5902,"Arts plastiques (peinture, dessin, sculpture)", 21  , 61.9   , 76.9   , 0.0   , 23.1   , 0.0   , 0.0   , 70.0   , 3    , 841   , 57.1   , 66.7   
978002,UQTR,0,8000,Études plurisectorielles, 26  , 80.8   , 81.0   , 4.8   , 9.5   , 4.8   , 5.6   , 94.1   , 12    ,1 068   , 68.8   , 100.0   
978002,UQTR,1,5104,Sciences infirmières et nursing, 5  , 100.0   , 60.0   , 0.0   , 40.0   , 0.0   , 0.0   , 100.0   ,n.d.    ,1 778   , 66.7   , 50.0   
978002,UQTR,1,5215,Biophysique, 11  , 72.7   , 37.5   , 0.0   , 62.5   , 0.0   , 0.0   , 66.7   ,x    ,x   , 50.0   , 40.0   
978002,UQTR,1,5420,Psychologie, 24  , 70.8   , 47.1   , 0.0   , 52.9   , 0.0   , 0.0   , 75.0   , 9    ,1 154   , 100.0   , 100.0   
978002,UQTR,1,5470,Ethnologie et ethnographie, 6  , 66.7   , 75.0   , 0.0   , 25.0   , 0.0   , 0.0   , 66.7   ,x    ,x   , 100.0   , 100.0   
978002,UQTR,1,5473,Psychoéducation, 13  , 92.3   , 91.7   , 0.0   , 8.3   , 0.0   , 0.0   , 81.8   , 1    ,1 003   , 88.9   , 100.0   
978002,UQTR,1,5700,Études pluridisciplinaires en sciences de l'éducation, 15  , 80.0   , 58.3   , 16.7   , 16.7   , 8.3   , 22.2   , 42.9   ,n.d.    , 929   , 66.7   , 100.0   
978002,UQTR,1,5800,Administration des affaires, 54  , 64.8   , 97.1   , 0.0   , 2.9   , 0.0   , 0.0   , 97.1   , 9    , 896   , 97.0   , 100.0   
978002,UQTR,1,8000,Études plurisectorielles, 7  , 71.4   , 80.0   , 0.0   , 20.0   , 0.0   , 0.0   , 100.0   , 29    , 841   , 100.0   , 100.0   
978002,UQTR,1,8076,Environnement (qualité du milieu et pollution), 9  , 100.0   , 88.9   , 0.0   , 11.1   , 0.0   , 0.0   , 100.0   , 9    , 883   , 75.0   , 100.0   
978003,UQAC,0,5104,Sciences infirmières et nursing, 65  , 80.0   , 92.3   , 0.0   , 3.8   , 3.8   , 0.0   , 93.8   , 14    ,1 105   , 88.9   , 100.0   
978003,UQAC,0,5200,Sciences biologiques, 23  , 73.9   , 35.3   , 5.9   , 58.8   , 0.0   , 14.3   , 83.3   , 1    , 700   , 40.0   , 80.0   
978003,UQAC,0,5340,Sciences de l'informatique, 29  , 75.9   , 100.0   , 0.0   , 0.0   , 0.0   , 0.0   , 86.4   , 10    , 816   , 84.2   ,-   
978003,UQAC,0,5359,"Génie électrique, électronique et des communications", 12  , 75.0   , 100.0   , 0.0   , 0.0   , 0.0   , 0.0   , 88.9   , 27    ,1 033   , 75.0   ,-   
978003,UQAC,0,5420,Psychologie, 50  , 78.0   , 30.8   , 2.6   , 64.1   , 2.6   , 7.7   , 66.7   , 7    , 721   , 50.0   , 84.0   
978003,UQAC,0,5435,Histoire, 12  , 83.3   , 40.0   , 10.0   , 50.0   , 0.0   , 20.0   , 75.0   , 7    , 692   , 0.0   , 40.0   
978003,UQAC,0,5477,Service social, 62  , 66.1   , 87.8   , 4.9   , 4.9   , 2.4   , 5.3   , 83.3   , 3    , 911   , 96.7   , 100.0   
978003,UQAC,0,5590,"Français, en général, et français, langue maternelle", 8  , 75.0   , 33.3   , 0.0   , 66.7   , 0.0   , 0.0   , 0.0   ,-    ,-   ,-   , 75.0   
978003,UQAC,0,5704,Formation des enseignants au préscolaire et au primaire, 70  , 75.7   , 90.6   , 0.0   , 3.8   , 5.7   , 0.0   , 45.8   , 4    , 755   , 90.9   , 50.0   
978003,UQAC,0,5705,Formation des enseignants spécialistes au primaire et au secondaire, 57  , 73.7   , 81.0   , 4.8   , 9.5   , 4.8   , 5.6   , 52.9   , 12    , 748   , 94.4   , 75.0   
978003,UQAC,0,5706,Formation des enseignants spécialistes en adaptation scolaire (orthopédagogie), 26  , 73.1   , 84.2   , 5.3   , 10.5   , 0.0   , 5.9   , 37.5   , 1    , 736   , 100.0   , 100.0   
978003,UQAC,0,5708,Formation des enseignants au secondaire, 51  , 78.4   , 90.0   , 0.0   , 5.0   , 5.0   , 0.0   , 55.6   , 2    , 897   , 90.0   , 50.0   
978003,UQAC,0,5800,Administration des affaires, 85  , 67.1   , 80.7   , 3.5   , 14.0   , 1.8   , 4.2   , 95.7   , 13    , 817   , 79.5   , 87.5   
978003,UQAC,0,5802,Comptabilité et sciences comptables, 34  , 79.4   , 88.9   , 0.0   , 7.4   , 3.7   , 0.0   , 100.0   , 6    , 748   , 100.0   , 50.0   
978003,UQAC,0,5888,Études pluridisciplinaires en administration, 10  , 90.0   , 66.7   , 0.0   , 33.3   , 0.0   , 0.0   , 83.3   , 13    , 639   , 60.0   , 33.3   
978003,UQAC,0,5900,Beaux-arts et arts appliqués, 23  , 60.9   , 57.1   , 0.0   , 35.7   , 7.1   , 0.0   , 62.5   , 5    , 443   , 80.0   , 100.0   
978003,UQAC,1,5300,Ressources naturelles, 8  , 75.0   , 83.3   , 0.0   , 16.7   , 0.0   , 0.0   , 80.0   , 4    ,1 036   , 100.0   , 0.0   
978003,UQAC,1,5444,Études urbaines, 7  , 85.7   , 83.3   , 0.0   , 16.7   , 0.0   , 0.0   , 100.0   , 12    , 844   , 60.0   , 100.0   
978003,UQAC,1,5700,Études pluridisciplinaires en sciences de l'éducation, 5  , 100.0   , 80.0   , 0.0   , 20.0   , 0.0   , 0.0   , 100.0   , 1    ,1 481   , 100.0   , 100.0   
978003,UQAC,1,5806,Gestion et administration des entreprises, 24  , 66.7   , 93.8   , 0.0   , 0.0   , 6.3   , 0.0   , 100.0   , 5    ,1 568   , 73.3   ,-   
978003,UQAC,1,5902,"Arts plastiques (peinture, dessin, sculpture)", 5  , 100.0   , 100.0   , 0.0   , 0.0   , 0.0   , 0.0   , 100.0   , 2    , 558   , 60.0   ,-   
978004,UQAR,0,5104,Sciences infirmières et nursing, 149  , 73.8   , 96.4   , 0.0   , 1.8   , 1.8   , 0.0   , 91.5   , 1    ,1 135   , 94.8   , 100.0   
978004,UQAR,0,5200,Sciences biologiques, 44  , 77.3   , 17.6   , 8.8   , 70.6   , 2.9   , 33.3   , 100.0   , 14    , 476   , 33.3   , 91.7   
978004,UQAR,0,5360,Génie mécanique, 8  , 75.0   , 66.7   , 0.0   , 33.3   , 0.0   , 0.0   , 100.0   , 26    , 897   , 100.0   , 100.0   
978004,UQAR,0,5435,Histoire, 8  , 75.0   , 50.0   , 0.0   , 33.3   , 16.7   , 0.0   , 100.0   , 10    ,1 381   , 0.0   , 50.0   
978004,UQAR,0,5436,Géographie, 14  , 85.7   , 41.7   , 0.0   , 58.3   , 0.0   , 0.0   , 80.0   , 22    , 722   , 50.0   , 85.7   
978004,UQAR,0,5478,Animation sociale ou communautaire, 13  , 69.2   , 55.6   , 0.0   , 22.2   , 22.2   , 0.0   , 100.0   , 2    , 570   , 100.0   , 50.0   
978004,UQAR,0,5704,Formation des enseignants au préscolaire et au primaire, 129  , 76.7   , 87.9   , 1.0   , 6.1   , 5.1   , 1.1   , 46.0   , 1    , 771   , 95.0   , 83.3   
978004,UQAR,0,5706,Formation des enseignants spécialistes en adaptation scolaire (orthopédagogie), 95  , 85.3   , 86.4   , 3.7   , 9.9   , 0.0   , 4.1   , 72.9   , 4    , 763   , 88.2   , 87.5   
978004,UQAR,0,5708,Formation des enseignants au secondaire, 33  , 90.9   , 80.0   , 0.0   , 16.7   , 3.3   , 0.0   , 70.8   , 2    , 865   , 100.0   , 80.0   
978004,UQAR,0,5800,Administration des affaires, 105  , 63.8   , 92.5   , 0.0   , 7.5   , 0.0   , 0.0   , 96.8   , 6    , 921   , 85.0   , 100.0   
978004,UQAR,0,5802,Comptabilité et sciences comptables, 80  , 77.5   , 95.2   , 1.6   , 3.2   , 0.0   , 1.7   , 100.0   , 4    , 853   , 96.6   , 100.0   
978004,UQAR,0,5888,Études pluridisciplinaires en administration, 10  , 70.0   , 100.0   , 0.0   , 0.0   , 0.0   , 0.0   , 100.0   , 17    ,1 109   , 57.1   ,-   
978004,UQAR,1,5200,Sciences biologiques, 11  , 72.7   , 50.0   , 0.0   , 37.5   , 12.5   , 0.0   , 100.0   , 1    , 883   , 50.0   , 100.0   
978004,UQAR,1,5249,Océanographie, 14  , 85.7   , 50.0   , 16.7   , 33.3   , 0.0   , 25.0   , 83.3   , 15    , 834   , 80.0   , 100.0   
978004,UQAR,1,5444,Études urbaines, 16  , 75.0   , 66.7   , 8.3   , 25.0   , 0.0   , 11.1   , 100.0   , 19    ,1 107   , 75.0   , 66.7   
978004,UQAR,1,5590,"Français, en général, et français, langue maternelle", 6  , 100.0   , 66.7   , 16.7   , 16.7   , 0.0   , 20.0   , 100.0   , 10    , 581   , 75.0   , 100.0   
978005,UQO,0,5104,Sciences infirmières et nursing, 141  , 63.1   , 93.3   , 0.0   , 3.4   , 3.4   , 0.0   , 86.7   , 2    ,1 177   , 91.7   , 100.0   
978005,UQO,0,5340,Sciences de l'informatique, 11  , 81.8   , 88.9   , 0.0   , 11.1   , 0.0   , 0.0   , 87.5   , 2    , 963   , 100.0   , 100.0   
978005,UQO,0,5410,Communications et journalisme, 30  , 56.7   , 70.6   , 5.9   , 17.6   , 5.9   , 7.7   , 75.0   , 14    , 950   , 66.7   , 33.3   
978005,UQO,0,5420,Psychologie, 5  , 100.0   , 0.0   , 0.0   , 100.0   , 0.0   ,-   ,-   ,-    ,-   ,-   , 80.0   
978005,UQO,0,5437,Sciences politiques, 18  , 83.3   , 26.7   , 13.3   , 46.7   , 13.3   , 33.3   , 100.0   , 16    ,1 160   , 50.0   , 85.7   
978005,UQO,0,5438,Sociologie, 8  , 75.0   , 50.0   , 0.0   , 50.0   , 0.0   , 0.0   , 66.7   ,x    ,x   , 50.0   , 100.0   
978005,UQO,0,5473,Psychoéducation, 63  , 73.0   , 67.4   , 4.3   , 19.6   , 8.7   , 6.1   , 93.5   , 2    , 856   , 89.7   , 88.9   
978005,UQO,0,5477,Service social, 74  , 66.2   , 89.8   , 0.0   , 4.1   , 6.1   , 0.0   , 88.6   , 2    , 850   , 94.9   , 100.0   
978005,UQO,0,5571,Traduction, 16  , 62.5   , 100.0   , 0.0   , 0.0   , 0.0   , 0.0   , 70.0   , 6    , 959   , 100.0   ,-   
978005,UQO,0,5704,Formation des enseignants au préscolaire et au primaire, 64  , 79.7   , 96.1   , 2.0   , 0.0   , 2.0   , 2.0   , 89.8   , 3    , 802   , 88.6   ,-   
978005,UQO,0,5708,Formation des enseignants au secondaire, 31  , 61.3   , 94.7   , 0.0   , 5.3   , 0.0   , 0.0   , 94.4   , 3    , 818   , 100.0   , 0.0   
978005,UQO,0,5800,Administration des affaires, 93  , 66.7   , 82.3   , 3.2   , 8.1   , 6.5   , 3.8   , 100.0   , 15    ,1 000   , 86.3   , 60.0   
978005,UQO,0,5802,Comptabilité et sciences comptables, 67  , 64.2   , 88.4   , 0.0   , 11.6   , 0.0   , 0.0   , 97.4   , 7    ,1 032   , 94.6   , 100.0   
978005,UQO,0,5815,Gestion du personnel, 15  , 60.0   , 100.0   , 0.0   , 0.0   , 0.0   , 0.0   , 100.0   , 11    ,1 183   , 77.8   ,-   
978005,UQO,0,5902,"Arts plastiques (peinture, dessin, sculpture)", 38  , 55.3   , 85.7   , 9.5   , 4.8   , 0.0   , 10.0   , 88.9   , 5    , 637   , 68.8   , 100.0   
978005,UQO,1,5473,Psychoéducation, 19  , 63.2   , 100.0   , 0.0   , 0.0   , 0.0   , 0.0   , 91.7   , 2    , 933   , 100.0   ,-   
978006,UQAT,0,5104,Sciences infirmières et nursing, 34  , 82.4   , 89.3   , 0.0   , 10.7   , 0.0   , 0.0   , 80.0   , 1    ,1 124   , 95.0   , 100.0   
978006,UQAT,0,5473,Psychoéducation, 16  , 62.5   , 50.0   , 0.0   , 40.0   , 10.0   , 0.0   , 80.0   , 2    , 846   , 100.0   , 100.0   
978006,UQAT,0,5477,Service social, 73  , 71.2   , 90.4   , 1.9   , 1.9   , 5.8   , 2.1   , 87.2   , 2    , 931   , 97.6   , 100.0   
978006,UQAT,0,5704,Formation des enseignants au préscolaire et au primaire, 64  , 73.4   , 85.1   , 2.1   , 2.1   , 10.6   , 2.4   , 70.0   , 2    , 794   , 96.4   , 100.0   
978006,UQAT,0,5708,Formation des enseignants au secondaire, 20  , 80.0   , 81.3   , 0.0   , 0.0   , 18.8   , 0.0   , 69.2   , 4    , 733   , 88.9   ,-   
978006,UQAT,0,5800,Administration des affaires, 20  , 70.0   , 78.6   , 0.0   , 21.4   , 0.0   , 0.0   , 100.0   , 5    , 817   , 90.9   , 100.0   
978006,UQAT,0,5802,Comptabilité et sciences comptables, 20  , 80.0   , 100.0   , 0.0   , 0.0   , 0.0   , 0.0   , 100.0   , 1    , 745   , 100.0   ,-   
978007,ENAP,0,5880,Administration publique, 280  , 62.1   , 90.8   , 1.7   , 3.4   , 4.0   , 1.9   , 97.5   , 13    ,1 375   , 79.9   , 100.0   
978010,ETS,0,5340,Sciences de l'informatique, 88  , 68.2   , 93.3   , 0.0   , 5.0   , 1.7   , 0.0   , 98.2   , 6    ,1 004   , 96.4   , 100.0   
978010,ETS,0,5358,"Génie civil, de la construction et du transport", 104  , 64.4   , 95.5   , 0.0   , 3.0   , 1.5   , 0.0   , 100.0   , 3    ,1 054   , 96.9   , 100.0   
978010,ETS,0,5359,"Génie électrique, électronique et des communications", 199  , 70.4   , 85.7   , 2.1   , 12.1   , 0.0   , 2.4   , 99.2   , 11    ,1 040   , 89.9   , 100.0   
978010,ETS,0,5360,Génie mécanique, 176  , 67.6   , 82.4   , 1.7   , 14.3   , 1.7   , 2.0   , 99.0   , 13    ,1 052   , 89.7   , 94.1   
978010,ETS,0,5363,Génie industriel et administratif, 107  , 72.9   , 85.9   , 3.8   , 9.0   , 1.3   , 4.3   , 94.0   , 13    , 999   , 87.3   , 71.4   
978010,ETS,1,5358,"Génie civil, de la construction et du transport", 19  , 68.4   , 100.0   , 0.0   , 0.0   , 0.0   , 0.0   , 92.3   , 29    ,1 263   , 91.7   ,-   
978010,ETS,1,5359,"Génie électrique, électronique et des communications", 13  , 69.2   , 77.8   , 0.0   , 11.1   , 11.1   , 0.0   , 100.0   , 2    ,1 073   , 100.0   , 100.0   
978010,ETS,1,5360,Génie mécanique, 13  , 61.5   , 87.5   , 0.0   , 12.5   , 0.0   , 0.0   , 85.7   , 40    ,1 381   , 83.3   , 100.0   
978010,ETS,1,5363,Génie industriel et administratif, 9  , 66.7   , 50.0   , 0.0   , 50.0   , 0.0   , 0.0   , 33.3   ,x    ,x   , 100.0   , 66.7   
978011,TELUQ,0,5410,Communications et journalisme, 14  , 71.4   , 70.0   , 20.0   , 10.0   , 0.0   , 22.2   , 100.0   , 52    ,1 236   , 71.4   , 0.0   
978011,TELUQ,0,5800,Administration des affaires, 91  , 53.8   , 81.6   , 8.2   , 8.2   , 2.0   , 9.1   , 90.0   , 10    ,1 059   , 83.3   , 25.0   
978011,TELUQ,0,5815,Gestion du personnel, 9  , 66.7   , 100.0   , 0.0   , 0.0   , 0.0   , 0.0   , 100.0   ,n.d.    ,1 119   , 33.3   ,-   
978011,TELUQ,0,5816,Relations industrielles, 6  , 100.0   , 83.3   , 0.0   , 16.7   , 0.0   , 0.0   , 100.0   , 3    ,1 058   , 100.0   , 0.0   
978011,TELUQ,0,8000,Études plurisectorielles, 47  , 59.6   , 75.0   , 3.6   , 10.7   , 10.7   , 4.5   , 90.5   , 4    ,1 325   , 63.2   , 100.0   
978011,TELUQ,1,5700,Études pluridisciplinaires en sciences de l'éducation, 6  , 100.0   , 83.3   , 0.0   , 16.7   , 0.0   , 0.0   , 80.0   ,n.d.    ,1 380   , 100.0   , 100.0   
979000,McGILL,0,5104,Sciences infirmières et nursing, 82  , 57.3   , 85.1   , 0.0   , 6.4   , 8.5   , 0.0   , 87.5   , 2    ,1 019   , 97.1   , 66.7   
979000,McGILL,0,5106,Médecine, 155  , 50.3   , 5.1   , 0.0   , 93.6   , 1.3   , 0.0   , 100.0   , 1    , 885   , 100.0   , 75.3   
979000,McGILL,0,5120,Ergothérapie, 58  , 58.6   , 70.6   , 2.9   , 23.5   , 2.9   , 4.0   , 91.7   , 1    , 872   , 100.0   , 87.5   
979000,McGILL,0,5121,Physiothérapie, 52  , 61.5   , 78.1   , 0.0   , 21.9   , 0.0   , 0.0   , 92.0   , 2    , 870   , 95.7   , 85.7   
979000,McGILL,0,5211,Microbiologie, 90  , 65.6   , 13.6   , 0.0   , 84.7   , 1.7   , 0.0   , 75.0   , 19    , 661   , 33.3   , 76.0   
979000,McGILL,0,5240,Sciences physiques, 24  , 62.5   , 6.7   , 0.0   , 93.3   , 0.0   , 0.0   , 100.0   ,x    ,x   , 0.0   , 92.9   
979000,McGILL,0,5245,Chimie, 31  , 71.0   , 36.4   , 0.0   , 59.1   , 4.5   , 0.0   , 87.5   , 9    , 716   , 42.9   , 92.3   
979000,McGILL,0,5299,Études pluridisciplinaires en sciences pures, 11  , 72.7   , 12.5   , 0.0   , 87.5   , 0.0   , 0.0   , 100.0   ,x    ,x   , 0.0   , 100.0   
979000,McGILL,0,5302,Agriculture, 6  , 83.3   , 60.0   , 20.0   , 20.0   , 0.0   , 25.0   , 100.0   , 2    , 609   , 100.0   , 100.0   
979000,McGILL,0,5313,Sciences et technologie des aliments, 9  , 66.7   , 66.7   , 0.0   , 33.3   , 0.0   , 0.0   , 100.0   , 9    , 892   , 100.0   , 100.0   
979000,McGILL,0,5332,Architecture, 45  , 75.6   , 17.6   , 0.0   , 79.4   , 2.9   , 0.0   , 100.0   , 7    , 748   , 83.3   , 96.3   
979000,McGILL,0,5355,Génie biologique et biomédical, 18  , 72.2   , 53.8   , 0.0   , 46.2   , 0.0   , 0.0   , 85.7   , 4    , 778   , 83.3   , 100.0   
979000,McGILL,0,5356,Génie chimique, 40  , 50.0   , 50.0   , 0.0   , 50.0   , 0.0   , 0.0   , 90.0   , 30    , 917   , 55.6   , 70.0   
979000,McGILL,0,5358,"Génie civil, de la construction et du transport", 49  , 53.1   , 65.4   , 3.8   , 26.9   , 3.8   , 5.6   , 94.1   , 8    , 978   , 81.3   , 85.7   
979000,McGILL,0,5359,"Génie électrique, électronique et des communications", 67  , 58.2   , 64.1   , 5.1   , 30.8   , 0.0   , 7.4   , 92.0   , 11    ,1 024   , 52.2   , 83.3   
979000,McGILL,0,5360,Génie mécanique, 99  , 56.6   , 58.9   , 5.4   , 35.7   , 0.0   , 8.3   , 100.0   , 16    , 942   , 75.8   , 90.0   
979000,McGILL,0,5380,Sciences de l'activité physique, 66  , 51.5   , 70.6   , 2.9   , 26.5   , 0.0   , 4.0   , 83.3   , 9    , 686   , 85.0   , 100.0   
979000,McGILL,0,5432,Anthropologie, 26  , 50.0   , 38.5   , 0.0   , 53.8   , 7.7   , 0.0   , 80.0   , 16    , 796   , 0.0   , 71.4   
979000,McGILL,0,5477,Service social, 58  , 60.3   , 77.1   , 2.9   , 17.1   , 2.9   , 3.6   , 74.1   , 9    , 849   , 90.0   , 100.0   
979000,McGILL,0,5498,Sciences religieuses, 26  , 57.7   , 66.7   , 0.0   , 33.3   , 0.0   , 0.0   , 70.0   , 3    , 696   , 57.1   , 100.0   
979000,McGILL,0,5499,Études pluridisciplinaires en sciences humaines, 10  , 70.0   , 14.3   , 0.0   , 85.7   , 0.0   , 0.0   , 100.0   ,x    ,x   , 0.0   , 66.7   
979000,McGILL,0,5584,Humanités gréco-latines et archéologie classique, 6  , 66.7   , 25.0   , 0.0   , 75.0   , 0.0   , 0.0   , 100.0   ,x    ,x   , 0.0   , 100.0   
979000,McGILL,0,5590,"Français, en général, et français, langue maternelle", 11  , 63.6   , 28.6   , 0.0   , 71.4   , 0.0   , 0.0   , 50.0   ,x    ,x   , 100.0   , 100.0   
979000,McGILL,0,5700,Études pluridisciplinaires en sciences de l'éducation, 23  , 60.9   , 57.1   , 0.0   , 35.7   , 7.1   , 0.0   , 75.0   , 4    , 691   , 83.3   , 60.0   
979000,McGILL,0,5704,Formation des enseignants au préscolaire et au primaire, 164  , 54.9   , 88.9   , 5.6   , 5.6   , 0.0   , 5.9   , 70.0   , 5    , 804   , 94.6   , 100.0   
979000,McGILL,0,5705,Formation des enseignants spécialistes au primaire et au secondaire, 47  , 53.2   , 80.0   , 0.0   , 16.0   , 4.0   , 0.0   , 80.0   , 3    , 958   , 93.8   , 75.0   
979000,McGILL,0,5708,Formation des enseignants au secondaire, 79  , 64.6   , 84.3   , 0.0   , 5.9   , 9.8   , 0.0   , 88.4   , 5    , 776   , 94.7   , 66.7   
979000,McGILL,0,8076,Environnement (qualité du milieu et pollution), 60  , 58.3   , 31.4   , 2.9   , 62.9   , 2.9   , 8.3   , 81.8   , 5    , 767   , 55.6   , 81.8   
979000,McGILL,1,5102,Sciences fondamentales et sciences appliquées de la santé, 49  , 59.2   , 51.7   , 0.0   , 48.3   , 0.0   , 0.0   , 86.7   , 21    ,1 099   , 76.9   , 85.7   
979000,McGILL,1,5104,Sciences infirmières et nursing, 29  , 55.2   , 100.0   , 0.0   , 0.0   , 0.0   , 0.0   , 93.8   , 1    ,1 185   , 100.0   ,-   
979000,McGILL,1,5108,Médecine et chirurgie expérimentales, 33  , 54.5   , 38.9   , 0.0   , 61.1   , 0.0   , 0.0   , 100.0   , 18    ,1 263   , 57.1   , 72.7   
979000,McGILL,1,5121,Physiothérapie, 10  , 70.0   , 71.4   , 0.0   , 28.6   , 0.0   , 0.0   , 40.0   ,x    ,x   , 50.0   , 50.0   
979000,McGILL,1,5200,Sciences biologiques, 34  , 50.0   , 58.8   , 11.8   , 29.4   , 0.0   , 16.7   , 90.0   , 12    , 778   , 88.9   , 100.0   
979000,McGILL,1,5207,Zoologie, 6  , 66.7   , 50.0   , 0.0   , 50.0   , 0.0   , 0.0   , 100.0   ,x    ,x   , 0.0   , 50.0   
979000,McGILL,1,5211,Microbiologie, 15  , 60.0   , 55.6   , 0.0   , 44.4   , 0.0   , 0.0   , 100.0   , 9    , 768   , 60.0   , 75.0   
979000,McGILL,1,5214,Biochimie, 15  , 66.7   , 30.0   , 10.0   , 60.0   , 0.0   , 25.0   , 100.0   , 2    , 798   , 100.0   , 50.0   
979000,McGILL,1,5240,Sciences physiques, 15  , 66.7   , 20.0   , 0.0   , 80.0   , 0.0   , 0.0   , 50.0   ,x    ,x   , 0.0   , 75.0   
979000,McGILL,1,5353,Génie agricole et génie rural, 11  , 63.6   , 85.7   , 0.0   , 14.3   , 0.0   , 0.0   , 66.7   , 8    , 942   , 75.0   , 0.0   
979000,McGILL,1,5368,Génie minier, 7  , 85.7   , 50.0   , 0.0   , 50.0   , 0.0   , 0.0   , 100.0   , 20    ,1 102   , 66.7   , 66.7   
979000,McGILL,1,5438,Sociologie, 7  , 85.7   , 33.3   , 0.0   , 66.7   , 0.0   , 0.0   , 100.0   ,x    ,x   , 100.0   , 100.0   
979000,McGILL,1,5498,Sciences religieuses, 6  , 66.7   , 50.0   , 0.0   , 25.0   , 25.0   , 0.0   , 100.0   ,x    ,x   , 50.0   , 0.0   
979000,McGILL,1,5700,Études pluridisciplinaires en sciences de l'éducation, 32  , 50.0   , 50.0   , 0.0   , 50.0   , 0.0   , 0.0   , 87.5   , 1    ,1 380   , 85.7   , 75.0   
980000,CONC,0,5200,Sciences biologiques, 79  , 53.2   , 42.9   , 2.4   , 54.8   , 0.0   , 5.3   , 88.9   , 8    , 756   , 25.0   , 78.3   
980000,CONC,0,5230,Mathématiques, 23  , 60.9   , 92.9   , 7.1   , 0.0   , 0.0   , 7.1   , 92.3   , 18    ,1 008   , 75.0   ,-   
980000,CONC,0,5358,"Génie civil, de la construction et du transport", 94  , 55.3   , 82.7   , 1.9   , 9.6   , 5.8   , 2.3   , 97.7   , 12    , 922   , 81.0   , 100.0   
980000,CONC,0,5360,Génie mécanique, 105  , 52.4   , 83.6   , 5.5   , 10.9   , 0.0   , 6.1   , 97.8   , 19    , 955   , 75.6   , 100.0   
980000,CONC,0,5373,Génie informatique et de la construction des ordinateurs, 33  , 54.5   , 100.0   , 0.0   , 0.0   , 0.0   , 0.0   , 100.0   , 21    , 939   , 83.3   ,-   
980000,CONC,0,5380,Sciences de l'activité physique, 77  , 58.4   , 62.2   , 0.0   , 37.8   , 0.0   , 0.0   , 64.3   , 3    , 642   , 38.9   , 58.8   
980000,CONC,0,5420,Psychologie, 276  , 55.1   , 55.9   , 3.9   , 36.2   , 3.9   , 6.6   , 75.3   , 10    , 720   , 35.9   , 78.2   
980000,CONC,0,5434,Économique, 134  , 50.7   , 66.2   , 8.8   , 20.6   , 4.4   , 11.8   , 86.7   , 11    , 805   , 41.0   , 57.1   
980000,CONC,0,5480,Récréologie, 59  , 62.7   , 89.2   , 0.0   , 5.4   , 5.4   , 0.0   , 78.8   , 10    , 702   , 61.5   , 50.0   
980000,CONC,0,5495,Philosophie, 29  , 51.7   , 40.0   , 0.0   , 60.0   , 0.0   , 0.0   , 50.0   , 12    ,n.d.   , 33.3   , 77.8   
980000,CONC,0,5571,Traduction, 47  , 61.7   , 82.8   , 3.4   , 6.9   , 6.9   , 4.0   , 83.3   , 12    , 910   , 60.0   , 0.0   
980000,CONC,0,5703,Formation des enseignants au préscolaire, 55  , 61.8   , 64.7   , 2.9   , 20.6   , 11.8   , 4.3   , 63.6   , 2    , 585   , 78.6   , 71.4   
980000,CONC,0,5704,Formation des enseignants au préscolaire et au primaire, 21  , 66.7   , 100.0   , 0.0   , 0.0   , 0.0   , 0.0   , 64.3   , 5    , 827   , 88.9   ,-   
980000,CONC,0,5705,Formation des enseignants spécialistes au primaire et au secondaire, 30  , 50.0   , 93.3   , 0.0   , 6.7   , 0.0   , 0.0   , 78.6   , 1    , 814   , 100.0   , 100.0   
980000,CONC,0,5813,Affaires sur le plan international, 68  , 57.4   , 79.5   , 2.6   , 12.8   , 5.1   , 3.1   , 96.8   , 7    ,1 020   , 53.3   , 40.0   
980000,CONC,0,5815,Gestion du personnel, 47  , 59.6   , 71.4   , 10.7   , 10.7   , 7.1   , 13.0   , 90.0   , 16    , 890   , 50.0   , 66.7   
980000,CONC,0,5909,"Design appliqué (céramique, tissage, orfèvrerie, décor)", 37  , 51.4   , 78.9   , 5.3   , 15.8   , 0.0   , 6.3   , 86.7   , 2    , 662   , 76.9   , 33.3   
980000,CONC,1,5340,Sciences de l'informatique, 86  , 50.0   , 69.8   , 11.6   , 18.6   , 0.0   , 14.3   , 100.0   , 10    ,1 118   , 80.0   , 100.0   
980000,CONC,1,5359,"Génie électrique, électronique et des communications", 68  , 52.9   , 61.1   , 19.4   , 19.4   , 0.0   , 24.1   , 95.5   , 14    ,1 204   , 66.7   , 100.0   
980000,CONC,1,5420,Psychologie, 18  , 72.2   , 0.0   , 0.0   , 100.0   , 0.0   ,-   ,-   ,-    ,-   ,-   , 92.3   
980000,CONC,1,5435,Histoire, 11  , 63.6   , 57.1   , 0.0   , 28.6   , 14.3   , 0.0   , 75.0   , 1    , 964   , 66.7   , 100.0   
980000,CONC,1,5708,Formation des enseignants au secondaire, 7  , 71.4   , 80.0   , 20.0   , 0.0   , 0.0   , 20.0   , 100.0   , 8    , 915   , 50.0   ,-   
980000,CONC,1,5910,Cinématographie, 10  , 70.0   , 71.4   , 0.0   , 28.6   , 0.0   , 0.0   , 80.0   , 11    , 501   , 25.0   , 100.0   
981000,BISH,0,5700,Études pluridisciplinaires en sciences de l'éducation, 20  , 60.0   , 75.0   , 8.3   , 8.3   , 8.3   , 10.0   , 88.9   , 6    , 740   , 100.0   , 100.0   
981000,BISH,0,5704,Formation des enseignants au préscolaire et au primaire, 29  , 62.1   , 88.9   , 11.1   , 0.0   , 0.0   , 11.1   , 93.8   , 6    , 768   , 100.0   ,-   
981000,BISH,0,5708,Formation des enseignants au secondaire, 31  , 71.0   , 81.8   , 4.5   , 13.6   , 0.0   , 5.3   , 83.3   , 4    , 768   , 93.3   , 100.0   